product_name,Ventas_Totales,Beneficio_Total,Margen_Beneficio
"Bevis Coffee Table, Fully Assembled",511,511,100
Swingline SM12-08 MicroCut Jam Free Shredder,1080,1080,100
Lexmark MarkNet N8150 Wireless Print Server,723,723,100
"Premier Elliptical Ring Binder, Black",208,208,100
Cubify CubeX 3D Printer Triple Head Print,8000,8000,100
Acco Suede Grain Vinyl Round Ring Binder,5,5,100
Belkin F9S820V06 8 Outlet Surge,58,58,100
Wilson Jones DublLock D-Ring Binders,2,2,100
Acco D-Ring Binder w/DublLock,43,43,100
Bevis Rectangular Conference Tables,657,657,100
Contemporary Wood/Metal Frame,52,52,100
Avery Binder Labels,1,1,100
Epson Perfection V600 Photo Scanner,207,207,100
Presstex Flexible Ring Binders,6,6,100
Accohide Poly Flexible Ring Binders,3,3,100
Avery Hidden Tab Dividers for Binding Systems,2,2,100
Acco Economy Flexible Poly Round Ring Binder,3,3,100
Avery Durable Slant Ring Binders,31,31,100
Insertable Tab Indexes For Data Binders,2,2,100
Avery Hole Reinforcements,11,11,100
GBC Plasticlear Binding Covers,13,13,100
Nu-Dell EZ-Mount Plastic Wall Frames,8,8,100
Hoover Commercial Lightweight Upright Vacuum,1,1,100
Cubify CubeX 3D Printer Double Head Print,4500,4500,100
DAX Two-Tone Silver Metal Document Frame,16,16,100
Wilson Jones Custom Binder Spines & Labels,3,3,100
Okidata B401 Printer,180,180,100
Ibico Recycled Grain-Textured Covers,31,31,100
Penpower WorldCard Pro Card Scanner,91,91,100
Acco Expandable Hanging Binders,6,6,100
"Bevis Training Table, Fully Assembled",606,606,100
"Eaton Parchment Paper, Recycled",16,16,100
"Hon Conference Table, with Bottom Storage",276,276,100
"Bevis Training Table, with Bottom Storage",670,670,100
"Xerox Computer Printout Paper, Recycled",129,103,79.845
"Barricks Conference Table, Rectangular",2759,2171,78.6879
"Avery Trapezoid Extra Heavy Duty 4 Binders""""",122,88,72.1311
GBC VeloBinder Strips,53,38,71.6981
"Lesro Round Table, Fully Assembled",2720,1904,70
"Epson Calculator, Durable",141,94,66.6667
"Jiffy Clasp Envelope, Recycled",43,28,65.1163
"Chromcraft Coffee Table, Fully Assembled",769,483,62.8088
"Epson Calculator, Red",332,201,60.5422
"Smead Legal Exhibit Labels, 5000 Label Set",115,69,60
Euro Pro Shark Stick Mini Vacuum,122,73,59.8361
"Eldon Imàge Series Desk Accessories, Clear",29,17,58.6207
Zipper Ring Binder Pockets,19,11,57.8947
"Green Bar Computer Printout Paper, Premium",116,66,56.8966
Acco Translucent Poly Ring Binders,25,14,56
GBC Recycled VeloBinder Covers,60,33,55
"DAX Metal Frame, Desktop, Stepped-Edge",44,24,54.5455
"Chromcraft Coffee Table, Adjustable Height",1427,727,50.946
"Lesro Round Table, Adjustable Height",3416,1735,50.7904
"Panasonic Card Printer, White",3417,1712,50.1024
Avery Reinforcements for Hole-Punch Pages,16,8,50
"GlobeWeis Business Envelopes, Recycled",158,77,48.7342
GBC Standard Therm-A-Bind Covers,117,57,48.7179
"Hon Training Table, Rectangular",638,308,48.2759
GBC Instant Index System for Binding Systems,40,19,47.5
3M Organizer Strips,17,8,47.0588
"Enermax Message Books, 8.5 x 11",203,94,46.3054
GBC Linen Binding Covers,93,43,46.2366
GBC Standard Plastic Binding Systems Combs,26,12,46.1538
"Elite Ruler, Easy Grip",198,91,45.9596
"Enermax Parchment Paper, Multicolor",129,59,45.7364
"Barricks Training Table, with Bottom Storage",1797,821,45.6873
Balt Split Level Computer Training Table,611,278,45.4992
"Kraft Mailers, Security-Tint",537,244,45.4376
Bestar Classic Bookcase,1443,650,45.045
"Hon Conference Table, Fully Assembled",1661,738,44.4311
Catalog Binders with Expanding Posts,1090,470,43.1193
"Bevis Coffee Table, Rectangular",1474,632,42.8765
Wilson Jones Easy Flow II Sheet Lifters,7,3,42.8571
Canvas Sectional Post Binders,250,107,42.8
"Fellowes Twister Kit, Gray/Clear, 3/pkg",33,14,42.4242
"Advantus Staples, 12 Pack",19,8,42.1053
"Smead Shipping Labels, Adjustable",98,38,38.7755
"Elite Ruler, High Speed",215,83,38.6047
"Eldon Frame, Black",1457,558,38.2979
"Tenex Door Stop, Durable",645,245,37.9845
"Lesro Training Table, Rectangular",2712,1018,37.5369
"Executive Impressions 12 Wall Clock""""",56,21,37.5
"Master Caster Door Stop, Large Brown",24,9,37.5
"Motorola Office Telephone, Cordless",1352,492,36.3905
"Acme Box Cutter, Serrated",1131,411,36.3395
"Eaton Memo Slips, Premium",238,86,36.1345
"Cameo Peel and Seal, Set of 50",382,137,35.8639
GBC Durable Plastic Covers,235,84,35.7447
"Accos Staples, Bulk Pack",99,35,35.3535
Bevis Boat-Shaped Conference Table,2280,786,34.4737
"Bevis Wood Table, Fully Assembled",2065,710,34.3826
"Advantus Clamps, 12 Pack",164,56,34.1463
"Hon Conference Table, Rectangular",6485,2206,34.017
"Epson Calculator, Wireless",631,214,33.9144
"Bevis Computer Table, Fully Assembled",9823,3295,33.5437
"DAX Copper Panel Document Frame, 5 x 7 Size",75,25,33.3333
"Barricks Computer Table, Fully Assembled",7175,2366,32.9756
3M Polarizing Light Filter Sleeves,67,22,32.8358
GBC DocuBind 300 Electric Binding Machine,5944,1946,32.7389
Okidata C610n Printer,2012,649,32.2565
"Sanford Markers, Blue",499,158,31.6633
"Eldon Expressions Wood Desk Accessories, Oak",76,24,31.5789
"Jiffy Mailers, Recycled",611,191,31.2602
"Chromcraft Wood Table, Fully Assembled",2807,871,31.0296
"Dania Floating Shelf Set, Mobile",3120,963,30.8654
"Samsung Headset, Full Size",867,261,30.1038
"Acme Shears, Easy Grip",1167,349,29.9057
"Ames Business Envelopes, Set of 50",228,68,29.8246
"Samsung Signal Booster, with Caller ID",2072,615,29.6815
"Barricks Wood Table, Adjustable Height",3858,1142,29.6008
ACCOHIDE Binder by Acco,24,7,29.1667
"Logitech Mouse, Erganomic",719,209,29.0682
GBC Instant Report Kit,107,31,28.972
"Barricks Training Table, Fully Assembled",2499,719,28.7715
"StarTech Receipt Printer, Red",936,269,28.7393
"Chromcraft Coffee Table, Rectangular",741,212,28.61
"Hon Round Labels, 5000 Label Set",149,42,28.1879
"Stanley Pens, Water Color",262,73,27.8626
Cisco 9971 IP Video Phone Charcoal,4268,1188,27.8351
"StarTech Printer, Durable",3426,949,27.6999
"Barricks Round Table, with Bottom Storage",3636,1003,27.5853
"Accos Paper Clips, Metal",113,31,27.4336
GBC DocuBind P400 Electric Binding System,17965,4900,27.2753
"Hon Round Table, Fully Assembled",1518,414,27.2727
"Lesro Wood Table, Rectangular",3867,1046,27.0494
"Fiskars Box Cutter, Serrated",1833,490,26.7321
"Wilson Jones Binder, Clear",353,94,26.6289
"GlobeWeis Mailers, Recycled",357,95,26.6106
"Tenex Chairmat w/ Average Lip, 45 x 53""""""""",2059,545,26.4692
"Lesro Training Table, Adjustable Height",3971,1049,26.4165
O'Sullivan 4-Shelf Bookcase in Odessa Pine,2667,701,26.2842
"Xerox Message Books, Multicolor",99,26,26.2626
"Nokia Office Telephone, VoIP",1296,339,26.1574
"Motorola Signal Booster, Cordless",7648,1986,25.9676
"Breville Microwave, Silver",9107,2359,25.9032
"Smead Round Labels, 5000 Label Set",89,23,25.8427
Bevis 44 x 96 Conference Tables,2430,618,25.4321
"Breville Coffee Grinder, Silver",1241,313,25.2216
Ibico Hi-Tech Manual Binding System,4788,1189,24.8329
"KitchenAid Stove, White",7558,1875,24.8082
"Cuisinart Microwave, Black",5731,1418,24.7426
"Bevis Round Conference Table Top, X-Base",1094,269,24.5887
"Avery File Folder Labels, 5000 Label Set",139,34,24.4604
"Chromcraft Round Table, with Bottom Storage",4882,1192,24.4162
"Harbour Creations Round Labels, Alphabetical",123,30,24.3902
GBC Imprintable Covers,107,26,24.2991
"Sharp Personal Copier, Color",1368,332,24.269
GBC Wire Binding Combs,33,8,24.2424
Hon Rectangular Conference Tables,3345,796,23.7967
KI Adjustable-Height Table,2533,602,23.7663
"Kraft Manila Envelope, Set of 50",318,75,23.5849
"Advantus Clamps, Metal",51,12,23.5294
"Barricks Conference Table, Adjustable Height",5819,1364,23.4405
"Memorex Mouse, Erganomic",555,130,23.4234
GBC DocuBind TL300 Electric Binding System,18927,4395,23.2208
"Chromcraft Computer Table, Fully Assembled",1928,445,23.0809
Tenex Chairmats For Use with Hard Floors,169,39,23.0769
"OIC Paper Clips, Bulk Pack",161,37,22.9814
"Wilson Jones Binder Covers, Clear",305,70,22.9508
GBC ProClick 150 Presentation Binding System,3033,695,22.9146
"Deflect-O Light Bulb, Black",188,43,22.8723
"SanDisk Memory Card, USB",949,214,22.5501
VariCap6 Expandable Binder,71,16,22.5352
"Okidata Printer, Durable",3269,734,22.4533
"Brother Personal Copier, Color",4388,981,22.3564
"Cisco Office Telephone, VoIP",2434,542,22.2679
"Advantus Light Bulb, Black",432,96,22.2222
"Konica Card Printer, Durable",4184,929,22.2036
"Stockwell Staples, 12 Pack",374,83,22.1925
"Barricks Coffee Table, Rectangular",3139,693,22.0771
"Hamilton Beach Toaster, Silver",821,181,22.0463
"Lesro Wood Table, Fully Assembled",5557,1219,21.9363
"Hoover Stove, White",30805,6743,21.8893
"Novimex Rocking Chair, Black",4596,1006,21.8886
"Novimex Executive Leather Armchair, Red",33429,7255,21.7027
"Office Star Swivel Stool, Black",3640,789,21.6758
"Tenex Photo Frame, Durable",1155,250,21.645
"Stiletto Trimmer, High Speed",970,209,21.5464
"BIC Pens, Fluorescent",308,66,21.4286
Large Capacity Hanging Post Binders,210,45,21.4286
Dana Swing-Arm Lamps,84,18,21.4286
Avery Arch Ring Binders,987,210,21.2766
"StarTech Printer, Wireless",4841,1025,21.1733
UniKeep View Case Binders,19,4,21.0526
Binding Machine Supplies,376,79,21.0106
"Apple Signal Booster, Full Size",4618,966,20.9181
Cardinal Hold-It CD Pocket,24,5,20.8333
"SAFCO Swivel Stool, Black",5359,1109,20.6942
"Advantus Photo Frame, Black",1905,392,20.5774
"Eldon Photo Frame, Erganomic",1352,278,20.5621
"Bevis Wood Table, Adjustable Height",2608,536,20.5521
"Avery Legal Exhibit Labels, Adjustable",181,37,20.442
"Eaton Parchment Paper, Multicolor",230,47,20.4348
"Lesro Conference Table, with Bottom Storage",11063,2230,20.1573
"Boston Markers, Fluorescent",973,196,20.1439
"Smead Folders, Industrial",499,100,20.0401
"Lesro Conference Table, Fully Assembled",4295,859,20
"Belkin Numeric Keypad, USB",1117,222,19.8747
"Canon Fax Machine, Color",9351,1855,19.8375
"Deflect-O Door Stop, Black",1041,205,19.6926
"Binney & Smith Sketch Pad, Fluorescent",2484,489,19.686
"Logitech Router, Bluetooth",11083,2177,19.6427
"Bush Corner Shelving, Mobile",5431,1062,19.5544
"Wilson Jones Hole Reinforcements, Economy",41,8,19.5122
"Fellowes File Cart, Industrial",6790,1324,19.4993
"Sanford Sketch Pad, Fluorescent",2952,575,19.4783
"Ames Clasp Envelope, Security-Tint",67,13,19.403
Sauder Barrister Bookcases,755,146,19.3377
"Samsung Office Telephone, VoIP",2133,412,19.3155
Sauder Cornerstone Collection Library,322,62,19.2547
"Motorola Speaker Phone, with Caller ID",3162,606,19.1651
"Breville Toaster, Red",2204,421,19.1016
"StarTech Calculator, Wireless",744,140,18.8172
"Apple Office Telephone, VoIP",3192,600,18.797
"Jiffy Manila Envelope, with clear poly window",926,174,18.7905
"KitchenAid Stove, Red",12143,2280,18.7762
Angle-D Ring Binders,16,3,18.75
"Belkin Keyboard, Erganomic",1798,335,18.6318
"Tenex Shelving, Wire Frame",3235,597,18.4544
"Boston Pens, Easy-Erase",402,74,18.408
GBC ProClick Punch Binding System,704,128,18.1818
"Enermax Flash Drive, Erganomic",762,138,18.1102
KI Conference Tables,978,177,18.0982
"Konica Phone, Durable",1054,190,18.0266
"Motorola Office Telephone, Full Size",1989,358,17.999
"Konica Card Printer, Wireless",3801,683,17.969
"Accos Clamps, 12 Pack",263,47,17.8707
"Seth Thomas 16 Steel Case Clock""""",364,65,17.8571
"ACCOHIDE 3-Ring Binder, Blue, 1""",28,5,17.8571
"Ikea 3-Shelf Cabinet, Pine",2982,532,17.8404
"Cameo Clasp Envelope, Recycled",275,49,17.8182
"Cardinal Binder Covers, Recycled",275,49,17.8182
"Hoover Blender, Black",1329,236,17.7577
"Sauder Floating Shelf Set, Traditional",5720,1012,17.6923
Wilson Jones Suede Grain Vinyl Binders,17,3,17.6471
"Harbour Creations Rocking Chair, Set of Two",6356,1120,17.6211
Deluxe Heavy-Duty Vinyl Round Ring Binder,335,59,17.6119
"SanDisk Router, Programmable",7032,1238,17.6052
"Cardinal Binding Machine, Recycled",2280,401,17.5877
"Cameo Interoffice Envelope, Recycled",902,157,17.4058
"Apple Headset, with Caller ID",2027,351,17.3162
"Tenex Box, Industrial",695,120,17.2662
"OIC Rubber Bands, Bulk Pack",580,100,17.2414
"Epson Receipt Printer, White",2953,507,17.169
"Apple Smart Phone, with Caller ID",16754,2876,17.166
"Hoover Toaster, Red",1171,201,17.1648
O'Sullivan 2-Shelf Heavy-Duty Bookcases,597,102,17.0854
"KitchenAid Refrigerator, Black",18531,3164,17.0741
Tensor Brushed Steel Torchiere Floor Lamp,82,14,17.0732
"Panasonic Printer, Wireless",6276,1066,16.9853
"Enermax Memory Card, Erganomic",2848,482,16.9242
"Ames Mailers, Recycled",1133,191,16.8579
"Rogers Lockers, Wire Frame",10632,1791,16.8454
"Fellowes Trays, Blue",2382,401,16.8346
"Acco Hole Reinforcements, Clear",119,20,16.8067
"Stanley Sketch Pad, Easy-Erase",1569,263,16.7623
"Boston Highlighters, Fluorescent",543,91,16.7587
"SAFCO Steel Folding Chair, Set of Two",4223,704,16.6706
"Hon Coffee Table, Fully Assembled",1142,190,16.6375
"Lesro Computer Table, Fully Assembled",7224,1200,16.6113
"Hon Shipping Labels, Adjustable",211,35,16.5877
"Advantus Door Stop, Durable",680,112,16.4706
"Logitech Memory Card, Bluetooth",3199,524,16.3801
"Rogers Box, Industrial",666,109,16.3664
"Hoover Stove, Silver",9747,1594,16.3537
"Chromcraft Wood Table, Rectangular",4724,768,16.2574
"Lesro Coffee Table, Adjustable Height",1567,254,16.2093
GBC DocuBind P100 Manual Binding Machine,2456,398,16.2052
"Ikea Library with Doors, Pine",21181,3429,16.189
"Bush Library with Doors, Traditional",10283,1664,16.182
"Hamilton Beach Stove, Silver",19152,3096,16.1654
"Office Star Steel Folding Chair, Red",4671,755,16.1636
Texas Instruments TI-34 Scientific Calculator,205,33,16.0976
Fellowes PB200 Plastic Comb Binding Machine,4131,663,16.0494
"Binney & Smith Sketch Pad, Blue",3620,580,16.0221
GBC VeloBind Cover Sets,231,37,16.0173
"Motorola Signal Booster, VoIP",4480,716,15.9821
"Avery Index Tab, Economy",357,57,15.9664
"BIC Markers, Fluorescent",1422,227,15.9634
"Fiskars Scissors, High Speed",464,74,15.9483
"HP Ink, Laser",5876,935,15.9122
"Cuisinart Stove, Red",14212,2261,15.9091
"Eldon Frame, Erganomic",1692,268,15.8392
"Rubbermaid Stacking Tray, Durable",190,30,15.7895
"Fellowes Lockers, Wire Frame",11786,1858,15.7645
"Cisco Smart Phone, Cordless",35982,5667,15.7495
"Hon Round Table, with Bottom Storage",4919,774,15.7349
GBC DocuBind P50 Personal Binding Machine,1473,231,15.6823
"Cardinal Binder Covers, Clear",332,52,15.6627
"Eldon Photo Frame, Duo Pack",1809,283,15.644
"Samsung Office Telephone, with Caller ID",3096,483,15.6008
"Binney & Smith Pens, Easy-Erase",360,56,15.5556
"Chromcraft Round Table, Adjustable Height",7243,1126,15.546
"Breville Stove, White",5054,784,15.5125
"Nokia Audio Dock, Cordless",5156,798,15.4771
Poly Designer Cover & Back,260,40,15.3846
"Rogers Box, Single Width",885,136,15.3672
"Advantus Door Stop, Duo Pack",470,72,15.3191
"Sauder Classic Bookcase, Metal",22760,3483,15.3032
"Stanley Highlighters, Blue",562,86,15.3025
"Memorex Mouse, USB",759,116,15.2833
"Cuisinart Refrigerator, Silver",6508,994,15.2735
"Binney & Smith Highlighters, Easy-Erase",393,60,15.2672
"Samsung Audio Dock, with Caller ID",6134,934,15.2266
"Ibico Binder, Recycled",567,86,15.1675
"Stiletto Letter Opener, Easy Grip",1240,188,15.1613
"Eldon L"""" Workstation Diamond Chairmat""""",1003,152,15.1545
Lexmark MX611dhe Monochrome Laser Printer,16830,2550,15.1515
Vinyl Sectional Post Binders,452,68,15.0442
"Acco Binding Machine, Recycled",2261,340,15.0376
"StarTech Phone, Wireless",1241,186,14.9879
"Hoover Toaster, Silver",842,126,14.9644
"Nokia Speaker Phone, Full Size",3415,511,14.9634
"Rubbermaid Light Bulb, Black",301,45,14.9502
"Stockwell Push Pins, 12 Pack",495,74,14.9495
"Hon Conference Table, Adjustable Height",12377,1847,14.9228
"BIC Sketch Pad, Easy-Erase",2462,367,14.9066
"Belkin Keyboard, Bluetooth",1364,201,14.7361
"GBC White Gloss Covers, Plain Front",136,20,14.7059
"Cardinal Binding Machine, Economy",3281,480,14.6297
"StarTech Card Printer, Wireless",2793,408,14.6079
"Rogers Shelving, Single Width",2363,342,14.4731
"Xerox Computer Printout Paper, Premium",731,105,14.3639
"Hamilton Beach Stove, Black",15860,2275,14.3443
"Panasonic Card Printer, Durable",4854,695,14.3181
Ibico Presentation Index for Binding Systems,28,4,14.2857
"Eldon Shelving, Single Width",3088,441,14.2811
"Ibico Binder Covers, Clear",444,63,14.1892
"Deflect-O Clock, Black",2775,392,14.1261
"Tenex Photo Frame, Black",737,104,14.1113
"SanDisk Message Books, 8.5 x 11",710,100,14.0845
"Acme Box Cutter, Steel",505,71,14.0594
"Apple Speaker Phone, Full Size",3550,499,14.0563
"Barricks Conference Table, Fully Assembled",14930,2090,13.9987
"Tenex Lockers, Industrial",9995,1399,13.997
"Ibico Index Tab, Durable",86,12,13.9535
"StarTech Phone, Durable",1127,157,13.9308
"KitchenAid Coffee Grinder, Black",1007,140,13.9027
"Advantus Rubber Bands, Bulk Pack",295,41,13.8983
Avery Non-Stick Binders,72,10,13.8889
"Dania Corner Shelving, Metal",4825,668,13.8446
"Elite Box Cutter, High Speed",985,136,13.8071
"Enermax Parchment Paper, Recycled",131,18,13.7405
"Boston Pencil Sharpener, Water Color",2825,387,13.6991
"Binney & Smith Canvas, Fluorescent",1731,237,13.6915
"Belkin Memory Card, USB",4624,633,13.6894
"Novimex Steel Folding Chair, Black",4437,607,13.6804
"Eldon Box, Industrial",258,35,13.5659
"Office Star Swivel Stool, Adjustable",10416,1412,13.5561
"StarTech Printer, Red",3749,506,13.4969
"Samsung Office Telephone, Full Size",2497,337,13.4962
"Bush Library with Doors, Mobile",14686,1981,13.489
"Fiskars Scissors, Easy Grip",550,74,13.4545
"Konica Card Printer, White",3101,417,13.4473
"Rogers Folders, Blue",551,74,13.4301
"StarTech Inkjet, White",6472,867,13.3962
"Jiffy Manila Envelope, Security-Tint",321,43,13.3956
Chromcraft Rectangular Conference Tables,2677,355,13.2611
"Tenex Folders, Wire Frame",943,125,13.2556
"Motorola Speaker Phone, Full Size",4866,642,13.1936
"Okidata Calculator, Red",266,35,13.1579
"Nokia Speaker Phone, VoIP",5628,740,13.1485
"Motorola Audio Dock, VoIP",9251,1214,13.1229
"Tenex Light Bulb, Black",343,45,13.1195
Lock-Up Easel 'Spel-Binder',526,69,13.1179
"Nokia Signal Booster, with Caller ID",6781,888,13.0954
Bush Somerset Collection Bookcase,1002,131,13.0739
"Harbour Creations Steel Folding Chair, Red",2951,385,13.0464
Wilson Jones Standard D-Ring Binders,23,3,13.0435
"Acco 3-Hole Punch, Durable",2528,329,13.0142
"Smead Trays, Industrial",2183,284,13.0096
"Eldon Trays, Wire Frame",2649,341,12.8728
"Belkin Flash Drive, Erganomic",1082,139,12.8466
"Cardinal Binder Covers, Economy",413,53,12.8329
"Eldon Light Bulb, Black",359,46,12.8134
"Elite Letter Opener, High Speed",1007,128,12.711
"Smead Shelving, Single Width",1924,244,12.6819
"Avery File Folder Labels, Alphabetical",317,40,12.6183
"Kleencut Shears, Serrated",899,113,12.5695
"SanDisk Keyboard, Programmable",3705,465,12.5506
"Iceberg OfficeWorks 42 Round Tables""""",3004,377,12.5499
"SlimView Poly Binder, 3/8""",104,13,12.5
"Panasonic Receipt Printer, Durable",2904,363,12.5
"Cameo Clasp Envelope, with clear poly window",104,13,12.5
"Barricks Round Table, Adjustable Height",3232,403,12.4691
"Eldon Box, Wire Frame",265,33,12.4528
"Motorola Smart Phone, Cordless",34081,4242,12.4468
"Ames Interoffice Envelope, Set of 50",1062,132,12.4294
"Epson Receipt Printer, Wireless",2265,281,12.4062
"Sanford Pens, Fluorescent",250,31,12.4
GBC Personal VeloBind Strips,89,11,12.3596
"Sauder 3-Shelf Cabinet, Traditional",4723,583,12.3438
"Fiskars Ruler, Steel",146,18,12.3288
"Stockwell Paper Clips, Assorted Sizes",829,102,12.304
"Hewlett Personal Copier, Digital",2804,345,12.3039
Flat Face Poster Frame,374,46,12.2995
"Lesro Coffee Table, with Bottom Storage",4099,504,12.2957
GBC Prestige Therm-A-Bind Covers,415,51,12.2892
"Smead Lockers, Single Width",12754,1556,12.2001
Hon 5100 Series Wood Tables,5965,727,12.1878
"Sharp Ink, Color",2383,290,12.1695
"Jiffy Mailers, Set of 50",305,37,12.1311
"Hon Color Coded Labels, Alphabetical",331,40,12.0846
"Ibico Binder, Economy",580,70,12.069
"Ikea Corner Shelving, Traditional",2663,320,12.0165
"Advantus Photo Frame, Erganomic",1407,169,12.0114
GBC DocuBind 200 Manual Binding Machine,4210,505,11.9952
"Cuisinart Stove, Silver",14482,1725,11.9113
Ibico EPK-21 Electric Binding System,15876,1890,11.9048
"Accos Push Pins, Bulk Pack",253,30,11.8577
"Bush Stackable Bookrack, Pine",11146,1320,11.8428
"Eldon Folders, Blue",456,54,11.8421
"Memorex Numeric Keypad, USB",1278,151,11.8153
"Bush Corner Shelving, Pine",3815,447,11.7169
"Hoover Microwave, White",8130,951,11.6974
"Advantus Rubber Bands, Assorted Sizes",214,25,11.6822
"Hewlett Ink, Digital",6360,742,11.6667
"Ames Peel and Seal, Security-Tint",541,63,11.6451
"Accos Thumb Tacks, Assorted Sizes",189,22,11.6402
"Kleencut Box Cutter, High Speed",1161,135,11.6279
"Epson Phone, Durable",1890,219,11.5873
"Motorola Office Telephone, VoIP",1929,223,11.5604
"Boston Canvas, Easy-Erase",1540,178,11.5584
"BIC Highlighters, Blue",963,111,11.5265
"Hon Wood Table, Fully Assembled",3974,458,11.5249
"Eldon Image Series Desk Accessories, Burgundy",61,7,11.4754
"Avery Binder, Clear",680,78,11.4706
"Harbour Creations Swivel Stool, Adjustable",10680,1224,11.4607
"Novimex Rocking Chair, Adjustable",4096,469,11.4502
"Epson Inkjet, Wireless",13476,1542,11.4426
"Boston Sketch Pad, Water Color",2483,284,11.4378
"Advantus Staples, Assorted Sizes",70,8,11.4286
"Apple Office Telephone, Cordless",2085,238,11.4149
"Acme Letter Opener, Steel",1456,166,11.4011
"Hon Chairmat, Red",1758,200,11.3766
"Apple Speaker Phone, with Caller ID",4231,481,11.3685
"Avery Binding Machine, Clear",3019,343,11.3614
"Ibico Index Tab, Economy",283,32,11.3074
"Cardinal Binder, Economy",655,74,11.2977
"Chromcraft Round Table, Fully Assembled",3327,375,11.2714
"Motorola Audio Dock, Cordless",7037,793,11.269
"Deflect-O Frame, Erganomic",4445,500,11.2486
"Smead File Cart, Blue",9524,1071,11.2453
Tenex Antistatic Computer Chair Mats,3043,342,11.2389
BPI Conference Tables,1949,219,11.2365
"Green Bar Note Cards, 8.5 x 11",401,45,11.2219
"Deflect-O Clock, Durable",1515,170,11.2211
"Okidata Printer, White",11659,1308,11.2188
"Enermax Memo Slips, 8.5 x 11",428,48,11.215
"HP Fax Machine, Color",6182,693,11.21
"Accos Push Pins, Assorted Sizes",161,18,11.1801
"Barricks Coffee Table, Adjustable Height",4884,546,11.1794
"Jiffy Peel and Seal, Set of 50",413,46,11.138
Binder Posts,36,4,11.1111
"Sauder Library with Doors, Mobile",10887,1209,11.105
"Xerox Cards & Envelopes, Premium",1576,175,11.1041
"Harbour Creations Rocking Chair, Adjustable",6202,688,11.0932
"Boston Highlighters, Easy-Erase",695,77,11.0791
"Lesro Coffee Table, Fully Assembled",912,101,11.0746
"Samsung Smart Phone, VoIP",35926,3965,11.0366
"Cameo Interoffice Envelope, Set of 50",1034,114,11.0251
"Binney & Smith Canvas, Blue",3082,339,10.9994
"SAFCO Executive Leather Armchair, Set of Two",16859,1854,10.9971
"Office Star Executive Leather Armchair, Black",28487,3132,10.9945
"BIC Canvas, Easy-Erase",2311,254,10.9909
"Hewlett Copy Machine, Color",26908,2952,10.9707
"Eaton Cards & Envelopes, Recycled",1481,162,10.9386
"Sanford Pens, Easy-Erase",614,67,10.9121
"Hewlett Ink, Laser",5185,565,10.8968
"Cuisinart Coffee Grinder, White",542,59,10.8856
"Memorex Flash Drive, Erganomic",626,68,10.8626
"Ibico Binder Covers, Durable",415,45,10.8434
"Stanley Highlighters, Easy-Erase",332,36,10.8434
Aluminum Screw Posts,83,9,10.8434
"Hamilton Beach Blender, White",269,29,10.7807
"Green Bar Message Books, Premium",659,71,10.7739
"Elite Shears, Serrated",980,105,10.7143
"Sharp Ink, Laser",3482,373,10.7122
"Accos Paper Clips, Assorted Sizes",365,39,10.6849
"Kleencut Box Cutter, Steel",1273,136,10.6834
"Breville Refrigerator, White",14051,1501,10.6825
"Canon Personal Copier, High-Speed",5583,592,10.6036
"StarTech Phone, Red",1230,130,10.5691
"Dania Classic Bookcase, Traditional",12447,1315,10.5648
"Ikea Corner Shelving, Metal",3021,319,10.5594
"Boston Sketch Pad, Easy-Erase",2550,269,10.549
"Tenex Clock, Durable",1774,186,10.4848
"Green Bar Message Books, Recycled",706,74,10.4816
"Office Star Bag Chairs, Set of Two",3327,348,10.4599
"Smead Trays, Blue",3112,325,10.4434
"Fellowes File Cart, Single Width",9493,989,10.4182
"Acco Binding Machine, Economy",2266,236,10.4148
"Enermax Keyboard, Programmable",3092,322,10.414
"Wilson Jones Binding Machine, Clear",3031,315,10.3926
"Dania 3-Shelf Cabinet, Metal",4350,451,10.3678
"Green Bar Note Cards, Multicolor",1375,142,10.3273
"Kleencut Letter Opener, Steel",281,29,10.3203
"Stanley Pencil Sharpener, Water Color",2270,234,10.3084
"Okidata Receipt Printer, Red",3726,384,10.306
"Smead Folders, Blue",660,68,10.303
"Barricks Training Table, Adjustable Height",4214,433,10.2753
"Deflect-O Stacking Tray, Durable",594,61,10.2694
"Fellowes Folders, Blue",1267,130,10.2605
"Xerox Parchment Paper, Recycled",39,4,10.2564
"Apple Speaker Phone, Cordless",2713,278,10.247
"Motorola Speaker Phone, VoIP",4060,416,10.2463
"SAFCO Swivel Stool, Red",5920,604,10.2027
"Nokia Headset, with Caller ID",4444,453,10.1935
"Binney & Smith Canvas, Water Color",2572,262,10.1866
"SanDisk Parchment Paper, Premium",167,17,10.1796
"Kraft Interoffice Envelope, Recycled",1120,114,10.1786
"Tenex Frame, Erganomic",2781,283,10.1762
"Dania Classic Bookcase, Pine",23761,2417,10.1721
"Smead File Folder Labels, Adjustable",236,24,10.1695
"Hon Steel Folding Chair, Black",2765,281,10.1627
"Okidata Card Printer, White",6588,665,10.0941
"Cardinal 3-Hole Punch, Recycled",1566,158,10.0894
"OIC Rubber Bands, 12 Pack",258,26,10.0775
"Belkin Memory Card, Erganomic",3021,304,10.0629
"Xerox Memo Slips, Premium",318,32,10.0629
Bretford CR8500 Series Meeting Room Furniture,5974,601,10.0603
"Okidata Card Printer, Red",4134,415,10.0387
"Bevis Conference Table, Rectangular",3686,369,10.0109
"Advantus Thumb Tacks, 12 Pack",210,21,10
"Cuisinart Coffee Grinder, Silver",312,31,9.9359
DAX Natural Wood-Tone Poster Frame,323,32,9.9071
"Brother Wireless Fax, High-Speed",10268,1017,9.9046
"Brother Fax Machine, Color",13919,1376,9.8858
"Rogers Trays, Industrial",4595,454,9.8803
"Safco Classic Bookcase, Traditional",24913,2453,9.8463
"Bevis Oval Conference Table, Walnut",6628,652,9.8371
"Harbour Creations Shipping Labels, Adjustable",234,23,9.8291
"Hamilton Beach Coffee Grinder, Black",682,67,9.824
"Rogers Trays, Wire Frame",4667,456,9.7707
"Smead Removable Labels, 5000 Label Set",164,16,9.7561
"Panasonic Phone, Red",2199,214,9.7317
Heavy-Duty E-Z-D Binders,134,13,9.7015
"Enermax Computer Printout Paper, 8.5 x 11",848,82,9.6698
"KitchenAid Blender, Black",2028,196,9.6647
"Dania Library with Doors, Pine",16205,1564,9.6513
"Acco Binding Machine, Clear",2925,282,9.641
"Sanford Pencil Sharpener, Water Color",3006,287,9.5476
"Motorola Office Telephone, with Caller ID",901,86,9.545
"Wilson Jones Hole Reinforcements, Clear",147,14,9.5238
"Safco Stackable Bookrack, Traditional",4054,386,9.5215
"StarTech Card Printer, White",8863,842,9.5002
"Memorex Router, Bluetooth",14036,1330,9.4756
"Wilson Jones Binding Machine, Recycled",3087,292,9.459
"Lesro Conference Table, Adjustable Height",10920,1032,9.4505
"Accos Staples, Assorted Sizes",106,10,9.434
"Panasonic Inkjet, White",9989,942,9.4304
"Fellowes Folders, Industrial",806,76,9.4293
"Smead File Cart, Single Width",19795,1864,9.4165
"Green Bar Parchment Paper, Recycled",800,75,9.375
"Bush 3-Shelf Cabinet, Mobile",4085,380,9.3023
"BIC Sketch Pad, Fluorescent",1077,100,9.2851
"Acme Ruler, Easy Grip",97,9,9.2784
"Bevis Conference Table, Fully Assembled",13960,1295,9.2765
"Wilson Jones Index Tab, Durable",281,26,9.2527
"Ikea Stackable Bookrack, Traditional",5303,490,9.2401
"Memorex Router, USB",17340,1602,9.2388
"Rubbermaid Light Bulb, Erganomic",380,35,9.2105
"Ikea 3-Shelf Cabinet, Metal",4167,383,9.1913
"Ibico Binding Machine, Recycled",3682,337,9.1526
"Rogers Trays, Single Width",1619,148,9.1414
Belkin 8 Outlet Surge Protector,361,33,9.1413
"BIC Markers, Easy-Erase",1295,118,9.112
"Tenex Lockers, Wire Frame",15868,1444,9.1001
"Hoover Refrigerator, Silver",5797,527,9.0909
"Office Star Rocking Chair, Adjustable",9813,889,9.0594
"Sharp Personal Copier, Digital",5941,538,9.0557
"Eldon Door Stop, Durable",1255,113,9.004
"Office Star Bag Chairs, Adjustable",1479,133,8.9926
"Binney & Smith Markers, Blue",835,75,8.982
"Ikea Classic Bookcase, Metal",23407,2097,8.9589
"Tenex Shelving, Blue",2630,235,8.9354
"Cuisinart Coffee Grinder, Red",697,62,8.8953
"Stanley Markers, Blue",742,66,8.8949
"Acme Trimmer, Steel",1137,101,8.883
"Stockwell Thumb Tacks, Assorted Sizes",518,46,8.8803
"Barricks Training Table, Rectangular",4990,442,8.8577
"Sanford Pencil Sharpener, Fluorescent",906,80,8.83
"Novimex Steel Folding Chair, Red",3360,296,8.8095
"GlobeWeis Mailers, with clear poly window",477,42,8.805
"Konica Receipt Printer, Red",2994,263,8.7842
Storex Dura Pro Binders,57,5,8.7719
"Samsung Signal Booster, VoIP",4516,396,8.7688
"Rogers Shelving, Wire Frame",3479,305,8.7669
"StarTech Calculator, White",697,61,8.7518
"Hon Executive Leather Armchair, Black",26871,2347,8.7343
"Cuisinart Refrigerator, Black",14222,1239,8.7119
"Konica Calculator, Red",896,78,8.7054
"Ibico Binding Machine, Economy",3448,300,8.7007
"Stanley Markers, Water Color",1382,120,8.6831
"Green Bar Parchment Paper, Premium",196,17,8.6735
"Avery Binder Covers, Recycled",542,47,8.6716
Nu-Dell Executive Frame,346,30,8.6705
"Hon File Folder Labels, Adjustable",150,13,8.6667
"HP Wireless Fax, Laser",16713,1441,8.622
"Office Star Steel Folding Chair, Adjustable",4919,424,8.6196
"Canon Wireless Fax, Color",24701,2129,8.6191
"Memorex Flash Drive, Bluetooth",453,39,8.6093
"Hon Color Coded Labels, 5000 Label Set",151,13,8.6093
"Samsung Audio Dock, VoIP",4079,350,8.5805
"Tenex File Cart, Blue",6831,586,8.5785
"Boston Markers, Blue",1390,119,8.5612
"Enermax Memory Card, USB",7651,654,8.5479
"HP Ink, High-Speed",4461,381,8.5407
"Hewlett Fax Machine, Laser",11992,1024,8.539
"Eldon Trays, Single Width",3395,288,8.4831
"Tenex Door Stop, Black",1039,88,8.4697
"HP Wireless Fax, High-Speed",10580,896,8.4688
"Eldon Light Bulb, Erganomic",450,38,8.4444
"Green Bar Note Cards, Premium",1220,103,8.4426
"Sanford Pens, Blue",214,18,8.4112
"Acco Hole Reinforcements, Durable",321,27,8.4112
"Kleencut Ruler, Serrated",250,21,8.4
"Breville Blender, Black",644,54,8.3851
Ibico Standard Transparent Covers,179,15,8.3799
GBC Twin Loop Wire Binding Elements,872,73,8.3716
Avery Round Ring Poly Binders,12,1,8.3333
"Wilson Jones Hole Reinforcements, Durable",108,9,8.3333
"SanDisk Router, Bluetooth",12985,1077,8.2942
"Sanford Pens, Water Color",157,13,8.2803
"SanDisk Keyboard, Erganomic",2595,214,8.2466
"Dania Library with Doors, Metal",15825,1303,8.2338
"Novimex Color Coded Labels, Alphabetical",219,18,8.2192
"Cardinal Hole Reinforcements, Recycled",134,11,8.209
"Dania Floating Shelf Set, Pine",2220,182,8.1982
"Wilson Jones Binder, Durable",428,35,8.1776
"Sanford Sketch Pad, Blue",2289,186,8.1258
"OIC Clamps, Bulk Pack",678,55,8.1121
"Konica Card Printer, Red",5960,483,8.104
"Cardinal Binder, Recycled",864,70,8.1019
"Sanford Highlighters, Fluorescent",535,43,8.0374
"Dania Stackable Bookrack, Traditional",5874,472,8.0354
"Cisco Headset, with Caller ID",3886,310,7.9774
"Safco Stackable Bookrack, Pine",10619,846,7.9669
"Ikea Stackable Bookrack, Metal",5740,455,7.9268
"Boston Canvas, Fluorescent",5204,412,7.917
"Belkin Mouse, Erganomic",1947,154,7.9096
"Avery 3-Hole Punch, Durable",739,58,7.8484
"HP Fax and Copier, Color",5375,418,7.7767
"Konica Receipt Printer, White",3100,241,7.7742
"Ibico 3-Hole Punch, Economy",863,67,7.7636
"Avery Flip-Chart Easel Binder, Black",116,9,7.7586
"Epson Receipt Printer, Durable",2276,176,7.7329
"Cisco Speaker Phone, VoIP",3834,296,7.7204
"SanDisk Memory Card, Bluetooth",4094,315,7.6942
"Stockwell Rubber Bands, Metal",637,49,7.6923
"Smead Box, Industrial",234,18,7.6923
"Epson Calculator, White",286,22,7.6923
"Panasonic Calculator, Durable",1379,106,7.6867
"Eldon Lockers, Wire Frame",11020,847,7.686
"Acco Index Tab, Clear",482,37,7.6763
"Ibico 3-Hole Punch, Clear",1526,117,7.6671
"Stockwell Clamps, Metal",1057,81,7.6632
"Hon Swivel Stool, Red",5570,426,7.6481
"Canon Copy Machine, Digital",11008,839,7.6217
"Samsung Signal Booster, Cordless",5316,405,7.6185
Ibico Ibimaster 300 Manual Binding System,7250,552,7.6138
"Advantus Frame, Durable",3888,296,7.6132
"Sauder 3-Shelf Cabinet, Mobile",8016,610,7.6098
"Acme Scissors, Easy Grip",644,49,7.6087
"Hon Steel Folding Chair, Set of Two",3669,279,7.6043
"Eaton Computer Printout Paper, Recycled",820,62,7.561
"Apple Smart Phone, Full Size",81633,6171,7.5594
"Bush Corner Shelving, Traditional",3058,231,7.554
"Kraft Clasp Envelope, with clear poly window",398,30,7.5377
"Memorex Memory Card, Erganomic",3982,300,7.5339
"Stanley Markers, Easy-Erase",1037,78,7.5217
"Belkin Memory Card, Programmable",7437,558,7.503
"Tenex The Solids"""" Textured Chair Mats""""",1120,84,7.5
"Accos Push Pins, 12 Pack",80,6,7.5
"Safco Floating Shelf Set, Traditional",7389,550,7.4435
"HP Copy Machine, Color",15934,1183,7.4244
"Cuisinart Blender, Black",1443,107,7.4151
"HP Fax and Copier, Digital",4653,345,7.4146
"Fellowes Box, Industrial",1309,97,7.4102
"Tenex Lockers, Blue",16258,1204,7.4056
"Tenex Frame, Durable",2612,193,7.389
"Brother Wireless Fax, Color",12465,913,7.3245
"Green Bar Memo Slips, Multicolor",205,15,7.3171
Holmes HEPA Air Purifier,123,9,7.3171
"OIC Thumb Tacks, 12 Pack",151,11,7.2848
"Eaton Message Books, Multicolor",962,70,7.2765
"KitchenAid Stove, Black",18789,1367,7.2755
"Avery Binder Covers, Durable",701,51,7.2753
"Xerox Message Books, Recycled",220,16,7.2727
"Eaton Message Books, 8.5 x 11",510,37,7.2549
"Cardinal Index Tab, Durable",262,19,7.2519
"Novimex Round Labels, Adjustable",69,5,7.2464
"SanDisk Flash Drive, Erganomic",457,33,7.221
"Stockwell Staples, Bulk Pack",416,30,7.2115
"Stockwell Staples, Metal",445,32,7.191
"Lesro Coffee Table, Rectangular",1398,100,7.1531
"Ibico Hole Reinforcements, Clear",84,6,7.1429
"Deflect-O Frame, Duo Pack",2885,206,7.1404
"Rogers Lockers, Industrial",14261,1018,7.1383
"Acco 3-Hole Punch, Clear",745,53,7.1141
"Harbour Creations Steel Folding Chair, Black",4428,315,7.1138
"Hamilton Beach Stove, White",20611,1460,7.0836
"Bevis Round Table, Adjustable Height",4406,312,7.0813
"Hon Rocking Chair, Black",7006,496,7.0796
"Lesro Training Table, Fully Assembled",3054,216,7.0727
"Logitech Numeric Keypad, USB",1052,74,7.0342
"Fellowes Lockers, Blue",18658,1306,6.9997
"Sanford Pencil Sharpener, Easy-Erase",2216,155,6.9946
"Epson Card Printer, Durable",6563,459,6.9938
"Jiffy Peel and Seal, with clear poly window",502,35,6.9721
"Hewlett Fax and Copier, High-Speed",7752,540,6.9659
"Advantus Paper Clips, Bulk Pack",201,14,6.9652
Avanti 4.4 Cu. Ft. Refrigerator,2606,181,6.9455
"Hewlett Fax Machine, Digital",6457,448,6.9382
"Breville Microwave, White",12980,900,6.9337
"Logitech Memory Card, Erganomic",4385,304,6.9327
"Kleencut Shears, High Speed",739,51,6.9012
"Accos Rubber Bands, 12 Pack",392,27,6.8878
"BIC Markers, Blue",773,53,6.8564
"GlobeWeis Mailers, Security-Tint",1199,82,6.839
"Smead Shelving, Wire Frame",2035,139,6.8305
"Enermax Cards & Envelopes, Premium",1044,71,6.8008
"Novimex Rocking Chair, Set of Two",5897,401,6.8001
"Tenex Trays, Wire Frame",2356,160,6.7912
"Hon Removable Labels, 5000 Label Set",118,8,6.7797
"Jiffy Interoffice Envelope, Security-Tint",1151,78,6.7767
"Avery Removable Labels, Alphabetical",192,13,6.7708
"Smead Trays, Single Width",2672,180,6.7365
"Cisco Office Telephone, with Caller ID",1927,129,6.6943
"GlobeWeis Interoffice Envelope, Security-Tint",898,60,6.6815
"Ibico Index Tab, Clear",644,43,6.677
"Jiffy Manila Envelope, Set of 50",645,43,6.6667
"Stockwell Thumb Tacks, Bulk Pack",690,46,6.6667
"Cuisinart Toaster, White",937,62,6.6169
"Cardinal Binder, Clear",605,40,6.6116
"Okidata Printer, Red",4025,266,6.6087
"Panasonic Receipt Printer, Red",2324,153,6.5835
"Bush Library with Doors, Pine",8345,549,6.5788
"Samsung Headset, VoIP",3017,198,6.5628
"Belkin Router, Bluetooth",11870,776,6.5375
"Eaton Memo Slips, Multicolor",554,36,6.4982
"Sharp Personal Copier, High-Speed",1817,118,6.4942
"Advantus Rubber Bands, Metal",385,25,6.4935
"Motorola Audio Dock, with Caller ID",5354,347,6.4811
"Epson Printer, White",7280,470,6.456
"Hewlett Wireless Fax, Color",23114,1489,6.442
"Novimex Chairmat, Black",1680,108,6.4286
"Stockwell Thumb Tacks, Metal",484,31,6.405
"Logitech Keyboard, Programmable",2570,163,6.3424
"Logitech Keyboard, USB",2068,131,6.3346
"OIC Clamps, 12 Pack",427,27,6.3232
"Rubbermaid Photo Frame, Durable",1552,98,6.3144
"Ames Peel and Seal, Recycled",365,23,6.3014
"Samsung Smart Phone, Cordless",40673,2556,6.2843
"Hamilton Beach Stove, Red",11515,723,6.2788
"Kraft Business Envelopes, Recycled",447,28,6.264
"StarTech Printer, White",1629,102,6.2615
"Deflect-O Door Stop, Duo Pack",1121,70,6.2444
"Okidata Card Printer, Durable",2261,141,6.2362
"Enermax Computer Printout Paper, Recycled",727,45,6.1898
"Kleencut Box Cutter, Serrated",809,50,6.1805
Wilson Jones Legal Size Ring Binders,356,22,6.1798
"Panasonic Inkjet, Durable",7585,468,6.1701
"Panasonic Receipt Printer, White",3876,239,6.1662
"Harbour Creations Bag Chairs, Red",2003,123,6.1408
"Stiletto Ruler, Easy Grip",783,48,6.1303
"SAFCO Bag Chairs, Adjustable",1359,83,6.1074
"Hamilton Beach Refrigerator, White",12240,747,6.1029
"Brother Ink, High-Speed",3822,233,6.0963
"Safco Classic Bookcase, Mobile",27519,1675,6.0867
"Safco Library with Doors, Mobile",14608,889,6.0857
"Sharp Fax and Copier, Color",8413,510,6.062
"Wilson Jones Binding Machine, Economy",2826,171,6.051
"Binney & Smith Sketch Pad, Water Color",3273,198,6.0495
"SanDisk Computer Printout Paper, Premium",496,30,6.0484
"Eldon Shelving, Wire Frame",1093,66,6.0384
"Harbour Creations Chairmat, Set of Two",2452,148,6.0359
"Logitech Flash Drive, USB",1160,70,6.0345
"Avery 3-Hole Punch, Recycled",879,53,6.0296
"Rogers Folders, Industrial",2123,128,6.0292
"Eldon Stacking Tray, Black",533,32,6.0038
"Brother Personal Copier, Digital",3579,214,5.9793
"Nokia Speaker Phone, Cordless",4249,252,5.9308
"Smead Lockers, Blue",21820,1289,5.9074
"Enermax Note Cards, Multicolor",1105,65,5.8824
"Acco Hole Reinforcements, Recycled",102,6,5.8824
"Bevis Wood Table, with Bottom Storage",10921,640,5.8603
"Eldon Box, Single Width",342,20,5.848
"Fiskars Ruler, Serrated",154,9,5.8442
"Nokia Smart Phone, Full Size",70183,4099,5.8404
"Office Star Rocking Chair, Black",8336,486,5.8301
"Cardinal 3-Hole Punch, Economy",1099,64,5.8235
"Hon Shipping Labels, Laser Printer Compatible",292,17,5.8219
"Harbour Creations Swivel Stool, Red",13664,792,5.7963
"OIC Clamps, Assorted Sizes",121,7,5.7851
"Okidata Inkjet, Wireless",21244,1225,5.7663
"Hon Coffee Table, with Bottom Storage",2195,126,5.7403
"Hon Bag Chairs, Set of Two",2648,152,5.7402
"Smead File Cart, Industrial",9849,565,5.7366
"Fiskars Shears, Serrated",1553,89,5.7308
"Rogers Folders, Single Width",804,46,5.7214
"Bush Corner Shelving, Metal",4601,263,5.7161
Prestige Round Ring Binders,35,2,5.7143
"Lesro Round Table, Rectangular",10707,607,5.6692
"Brother Copy Machine, Color",20325,1149,5.6531
"Boston Canvas, Blue",2268,128,5.6437
"Sauder Library with Doors, Pine",10353,583,5.6312
"Stanley Markers, Fluorescent",924,52,5.6277
"Stockwell Rubber Bands, Bulk Pack",569,32,5.6239
"Bush 3-Shelf Cabinet, Traditional",3845,215,5.5917
"Avery Hole Reinforcements, Clear",144,8,5.5556
"Avery Shipping Labels, 5000 Label Set",560,31,5.5357
"Kraft Mailers, Set of 50",813,45,5.5351
Harmony Air Purifier,1381,76,5.5033
"Tenex Trays, Industrial",2658,146,5.4929
"Fiskars Trimmer, Steel",1604,88,5.4863
"Okidata Inkjet, Durable",8561,469,5.4783
"Sauder Stackable Bookrack, Pine",12199,668,5.4759
"Safco Library with Doors, Metal",10670,584,5.4733
"Boston Pencil Sharpener, Easy-Erase",1828,100,5.4705
"Office Star Steel Folding Chair, Black",6222,339,5.4484
"Boston Pens, Water Color",514,28,5.4475
"Cameo Clasp Envelope, Set of 50",202,11,5.4455
"Bush Floating Shelf Set, Metal",5664,308,5.4379
"Memorex Numeric Keypad, Bluetooth",2929,159,5.4285
"Fellowes File Cart, Blue",8345,453,5.4284
"Cameo Business Envelopes, Set of 50",461,25,5.423
"Fiskars Shears, Easy Grip",1457,79,5.4221
"Konica Printer, Durable",5454,295,5.4089
"Binney & Smith Sketch Pad, Easy-Erase",869,47,5.4085
"GlobeWeis Manila Envelope, Recycled",576,31,5.3819
"Avery Hole Reinforcements, Economy",93,5,5.3763
"Stockwell Clamps, 12 Pack",1397,75,5.3686
"Ibico 3-Hole Punch, Durable",1435,77,5.3659
"Panasonic Phone, Durable",1268,68,5.3628
"Enermax Keyboard, USB",2650,142,5.3585
"Sanford Canvas, Water Color",2503,134,5.3536
"SanDisk Cards & Envelopes, Recycled",1632,87,5.3309
"Sauder Classic Bookcase, Pine",23058,1225,5.3127
"Breville Microwave, Red",13634,724,5.3103
"Stockwell Paper Clips, Bulk Pack",264,14,5.303
"Fellowes File Cart, Wire Frame",8226,436,5.3003
"Tenex Box, Blue",736,39,5.2989
"SanDisk Flash Drive, Bluetooth",1794,95,5.2954
"Tenex File Cart, Industrial",6210,327,5.2657
"Stockwell Push Pins, Metal",513,27,5.2632
12-1/2 Diameter Round Wall Clock,456,24,5.2632
"Office Star Rocking Chair, Set of Two",9286,486,5.2337
"Binney & Smith Pencil Sharpener, Easy-Erase",1286,67,5.21
"Tenex Clock, Black",1676,87,5.1909
"Enermax Message Books, Premium",174,9,5.1724
"Breville Toaster, White",426,22,5.1643
"Nokia Audio Dock, with Caller ID",6471,334,5.1615
"Kraft Peel and Seal, with clear poly window",504,26,5.1587
"Samsung Office Telephone, Cordless",2639,136,5.1535
"Stockwell Push Pins, Bulk Pack",408,21,5.1471
"Safco 3-Shelf Cabinet, Traditional",6238,321,5.1459
"Cardinal Hole Reinforcements, Durable",175,9,5.1429
"Binney & Smith Markers, Water Color",1479,76,5.1386
"Hamilton Beach Microwave, Silver",4420,227,5.1357
"SAFCO Executive Leather Armchair, Adjustable",21680,1113,5.1338
"Eaton Memo Slips, Recycled",78,4,5.1282
"Apple Office Telephone, with Caller ID",1912,98,5.1255
"Eldon Box, Blue",293,15,5.1195
"Acco Binder Covers, Durable",470,24,5.1064
"Rogers Lockers, Single Width",17854,911,5.1025
"Acme Shears, Steel",492,25,5.0813
"Advantus Clock, Durable",1517,77,5.0758
Bretford Rectangular Conference Table Tops,11116,564,5.0738
"Enermax Note Cards, Premium",1363,69,5.0624
"Jiffy Interoffice Envelope, Set of 50",1468,74,5.0409
"Novimex Swivel Stool, Adjustable",5960,300,5.0336
"Sanford Highlighters, Blue",260,13,5
"Cardinal Index Tab, Clear",702,35,4.9858
"Okidata Card Printer, Wireless",2830,141,4.9823
"Dania Corner Shelving, Mobile",4006,199,4.9675
"Cardinal Hole Reinforcements, Economy",141,7,4.9645
"Harbour Creations Bag Chairs, Black",1442,71,4.9237
"Dania Stackable Bookrack, Mobile",3965,195,4.918
"Smead Round Labels, Alphabetical",61,3,4.918
"Eaton Note Cards, Premium",1426,70,4.9088
"Elite Ruler, Steel",428,21,4.9065
"Ikea Stackable Bookrack, Mobile",5097,250,4.9048
"HP Fax Machine, Digital",12978,636,4.9006
"Sharp Wireless Fax, Laser",15271,748,4.8982
"Cameo Business Envelopes, Security-Tint",286,14,4.8951
"Hamilton Beach Refrigerator, Red",16350,800,4.893
"Stockwell Clamps, Bulk Pack",1165,57,4.8927
"Smead Shipping Labels, Alphabetical",348,17,4.8851
"Avery Round Labels, 5000 Label Set",123,6,4.878
"Tenex Lockers, Single Width",14699,714,4.8575
"Barricks Computer Table, Adjustable Height",2956,143,4.8376
"Fellowes Box, Single Width",664,32,4.8193
"Hewlett Fax Machine, Color",10077,482,4.7832
"Eldon File Cart, Single Width",27686,1322,4.775
"Samsung Audio Dock, Cordless",9971,475,4.7638
"Nokia Audio Dock, Full Size",7433,353,4.7491
"Sanford Canvas, Blue",2485,118,4.7485
"KitchenAid Microwave, Silver",14417,684,4.7444
"Rogers File Cart, Single Width",20731,983,4.7417
"Hon Bag Chairs, Adjustable",1815,86,4.7383
"Eldon Photo Frame, Durable",929,44,4.7363
"Tenex Clock, Duo Pack",1693,80,4.7253
"Epson Card Printer, White",2857,135,4.7252
"Sharp Fax Machine, Digital",13299,627,4.7146
"Cameo Mailers, with clear poly window",1061,50,4.7125
"Nokia Office Telephone, Full Size",3524,166,4.7106
"Dania Library with Doors, Mobile",12419,584,4.7025
"Avery Binder, Recycled",468,22,4.7009
"Dania Corner Shelving, Pine",4893,230,4.7006
"Ikea Classic Bookcase, Traditional",21905,1029,4.6976
"Hon Training Table, Adjustable Height",5726,268,4.6804
"Office Star Swivel Stool, Set of Two",7174,335,4.6696
"Novimex Bag Chairs, Red",1589,74,4.657
Avery Printable Repositionable Plastic Tabs,43,2,4.6512
"Chromcraft Wood Table, with Bottom Storage",4150,193,4.6506
"Bush Floating Shelf Set, Pine",6695,311,4.6453
"Acco Binder Covers, Recycled",691,32,4.631
"Cameo Clasp Envelope, Security-Tint",304,14,4.6053
"BIC Pens, Easy-Erase",478,22,4.6025
"Enermax Cards & Envelopes, Multicolor",848,39,4.5991
"Cisco Office Telephone, Cordless",2349,108,4.5977
"Epson Card Printer, Wireless",6662,306,4.5932
"Safco Floating Shelf Set, Pine",8633,396,4.587
"Cameo Interoffice Envelope, Security-Tint",1641,75,4.5704
"Hon Computer Table, Fully Assembled",6503,296,4.5517
"Hon Steel Folding Chair, Red",2681,122,4.5505
"Stanley Sketch Pad, Water Color",2177,99,4.5475
"Avery Index Tab, Clear",154,7,4.5455
"Accos Rubber Bands, Assorted Sizes",176,8,4.5455
"Sauder Stackable Bookrack, Traditional",2917,132,4.5252
"Sauder Library with Doors, Metal",12853,581,4.5203
"Green Bar Cards & Envelopes, Recycled",867,39,4.4983
"KitchenAid Refrigerator, Red",7049,317,4.4971
"Cisco Headset, Cordless",2234,100,4.4763
"Canon Wireless Fax, Digital",12693,567,4.467
"Harbour Creations Chairmat, Black",6264,278,4.4381
"Acme Letter Opener, Serrated",609,27,4.4335
Wilson Jones Impact Binders,113,5,4.4248
"Stanley Canvas, Water Color",2991,132,4.4132
"Eldon Shelving, Industrial",3469,152,4.3817
"Binney & Smith Pens, Water Color",457,20,4.3764
"Elite Trimmer, Easy Grip",1579,69,4.3699
"Memorex Keyboard, Bluetooth",1626,71,4.3665
"Deflect-O Stacking Tray, Erganomic",962,42,4.3659
"GlobeWeis Manila Envelope, Security-Tint",1105,48,4.3439
"Xerox Computer Printout Paper, 8.5 x 11",691,30,4.3415
Eureka Sanitaire  Commercial Upright,1524,66,4.3307
"Motorola Headset, VoIP",2220,96,4.3243
"Novimex File Folder Labels, Alphabetical",185,8,4.3243
"Bush Classic Bookcase, Metal",20367,879,4.3158
"Sharp Fax Machine, High-Speed",15664,676,4.3156
"Office Star Bag Chairs, Red",1677,72,4.2934
"Hewlett Copy Machine, Laser",12295,527,4.2863
"Ibico 3-Hole Punch, Recycled",2366,101,4.2688
"Tenex Box, Wire Frame",539,23,4.2672
"Stiletto Shears, High Speed",2049,87,4.246
"Tenex Box, Single Width",613,26,4.2414
"Logitech Numeric Keypad, Erganomic",1655,70,4.2296
"Acco Index Tab, Economy",379,16,4.2216
"Ames Business Envelopes, Recycled",474,20,4.2194
"Belkin Router, Erganomic",17670,744,4.2105
"Sauder 3-Shelf Cabinet, Pine",6004,252,4.1972
"Wilson Jones Binder Covers, Economy",358,15,4.1899
"SanDisk Flash Drive, USB",955,40,4.1885
"Belkin Numeric Keypad, Erganomic",2640,110,4.1667
"Fiskars Letter Opener, Easy Grip",2407,100,4.1545
"Stanley Canvas, Easy-Erase",3102,128,4.1264
"Barricks Coffee Table, Fully Assembled",2212,91,4.1139
"Cardinal 3-Hole Punch, Clear",1094,45,4.1133
"Brother Wireless Fax, Laser",23048,947,4.1088
"Ikea Library with Doors, Metal",13271,544,4.0992
"Hoover Coffee Grinder, Red",1689,69,4.0853
"Fellowes Shelving, Wire Frame",3210,131,4.081
"Apple Signal Booster, Cordless",8145,332,4.0761
"Samsung Speaker Phone, with Caller ID",5850,238,4.0684
"Harbour Creations Chairmat, Adjustable",1819,74,4.0682
"Sanford Markers, Fluorescent",1059,43,4.0604
"Samsung Speaker Phone, Full Size",6136,249,4.058
"Avery Binder, Durable",493,20,4.0568
"Konica Phone, Red",2276,92,4.0422
"Fiskars Trimmer, Serrated",1732,70,4.0416
"Canon Ink, Digital",6908,279,4.0388
"Safco Library with Doors, Traditional",9660,390,4.0373
"Eldon Clock, Durable",1339,54,4.0329
"Breville Refrigerator, Silver",9031,364,4.0306
"Cisco Signal Booster, with Caller ID",7916,319,4.0298
"Apple Signal Booster, with Caller ID",8149,328,4.025
"Ikea Library with Doors, Mobile",17285,695,4.0208
"Cuisinart Blender, Silver",1692,68,4.0189
"Canon Copy Machine, High-Speed",9058,364,4.0185
"Panasonic Phone, Wireless",847,34,4.0142
"Hon Rocking Chair, Set of Two",8961,359,4.0062
"Eldon Stacking Tray, Durable",725,29,4
"Tenex Trays, Blue",2353,94,3.9949
"Rogers File Cart, Industrial",8840,353,3.9932
"Smead Removable Labels, Adjustable",653,26,3.9816
"Eldon Trays, Blue",1307,52,3.9786
"Fellowes Lockers, Single Width",18781,746,3.9721
"Sanford Highlighters, Easy-Erase",657,26,3.9574
