order_id,order_date,order_priority,shipping_cost
CA-2015-RH19495140-42216,7/31/2015 0:00,Critical,933.57
IN-2016-JR162107-42405,2/5/2016 0:00,Critical,923.63
IN-2016-JM156557-42549,6/28/2016 0:00,Critical,897.35
IN-2014-TS2134092-41949,11/6/2014 0:00,Critical,894.77
CA-2015-JH15985140-42031,1/27/2015 0:00,Critical,865.74
IN-2016-PF1912027-42527,6/6/2016 0:00,Critical,804.54
ES-2017-BP1118545-42947,7/31/2017 0:00,Critical,801.66
CA-2017-TB21175140-43042,11/3/2017 0:00,Critical,780.7
IN-2014-JK1532527-41760,5/1/2014 0:00,Critical,752.47
IN-2014-PB19210127-41989,12/16/2014 0:00,Critical,725.57
ES-2014-EB1411048-41711,3/13/2014 0:00,Critical,725.34
IN-2015-BP1123058-42059,2/24/2015 0:00,Critical,704.08
ES-2015-BS1136545-42202,7/17/2015 0:00,Critical,699.55
IN-2014-DP131057-41945,11/2/2014 0:00,Critical,689.8
IN-2015-SG2047058-42154,5/30/2015 0:00,Critical,625.77
IN-2015-GP1474058-42149,5/25/2015 0:00,Critical,616.27
CA-2016-JD15895140-42706,12/2/2016 0:00,Critical,594.02
ES-2016-BE1141048-42698,11/24/2016 0:00,Critical,580.98
IN-2014-RM1937558-41939,10/27/2014 0:00,Critical,573.27
ID-2015-AM1070559-42265,9/18/2015 0:00,Critical,562.14
ES-2016-NZ1856545-42706,12/2/2016 0:00,Critical,546.9
CA-2017-SV1081523-43092,12/23/2017 0:00,Critical,546.56
ES-2014-KM1666048-41859,8/8/2014 0:00,Critical,527.87
ES-2015-NM18520120-42364,12/26/2015 0:00,Critical,515.24
IN-2016-LC168857-42478,4/18/2016 0:00,Critical,511.47
CA-2014-RS19765140-41978,12/5/2014 0:00,Critical,506.49
IN-2016-VS2182027-42521,5/31/2016 0:00,Critical,504.56
ID-2016-JK153257-42715,12/11/2016 0:00,Critical,498.62
CA-2014-TC21295140-41925,10/13/2014 0:00,Critical,496.46
IN-2016-SV2081558-42699,11/25/2016 0:00,Critical,493.2
IN-2016-MM1792027-42681,11/7/2016 0:00,Critical,492.79
CA-2016-DJ13510140-42609,8/27/2016 0:00,Critical,489.6
ID-2015-AB1001527-42169,6/14/2015 0:00,Critical,487.32
CA-2017-KF16285140-42990,9/12/2017 0:00,Critical,480.56
IN-2015-LH1702027-42302,10/25/2015 0:00,Critical,479.67
CA-2015-ND18370140-42198,7/13/2015 0:00,Critical,477.15
ES-2017-RA1994545-42949,8/2/2017 0:00,Critical,472
ES-2014-DB1306048-41901,9/19/2014 0:00,Critical,471.92
CA-2016-AG10675140-42622,9/9/2016 0:00,Critical,469.16
CA-2016-TB21280140-42455,3/26/2016 0:00,Critical,457.14
ES-2016-JF15295120-42655,10/12/2016 0:00,Critical,443.92
IN-2015-NC183407-42364,12/26/2015 0:00,Critical,439.03
ID-2016-JS1603059-42491,5/1/2016 0:00,Critical,437.85
IN-2017-AG1033059-42928,7/12/2017 0:00,Critical,430.04
ES-2017-NF1847548-42979,9/1/2017 0:00,Critical,428.83
ES-2014-NB1865548-41924,10/12/2014 0:00,Critical,427.24
IN-2016-NM1844527-42531,6/10/2016 0:00,Critical,427.1
CA-2014-JG15160140-41810,6/20/2014 0:00,Critical,417.47
CA-2015-EM13810140-42201,7/16/2015 0:00,Critical,415.69
ES-2016-SC20305120-42640,9/27/2016 0:00,Critical,411.64
IN-2016-KS163007-42643,9/30/2016 0:00,Critical,410.88
CA-2016-CB12415140-42577,7/26/2016 0:00,Critical,408.79
IN-2016-BF110807-42707,12/3/2016 0:00,Critical,403.46
EG-2015-JR567038-42093,3/30/2015 0:00,Critical,399.96
CA-2017-CD11920140-43060,11/21/2017 0:00,Critical,394.57
EG-2016-MT807038-42405,2/5/2016 0:00,Critical,384.41
IN-2014-AB1010558-42000,12/27/2014 0:00,Critical,383.68
ID-2016-HJ1487527-42606,8/24/2016 0:00,Critical,382.1
ES-2015-MT1781545-42329,11/21/2015 0:00,Critical,377.03
ES-2017-FW1439545-42800,3/6/2017 0:00,Critical,376.88
IN-2014-HL150407-41967,11/24/2014 0:00,Critical,371.74
IN-2017-AP1091559-42820,3/26/2017 0:00,Critical,367.57
CA-2016-PF19225140-42678,11/4/2016 0:00,Critical,364.76
CA-2016-TG21310140-42690,11/16/2016 0:00,Critical,363.87
CM-2015-BP123022-42351,12/13/2015 0:00,Critical,359.58
IN-2014-GH1466527-41804,6/14/2014 0:00,Critical,358.85
ID-2015-PO191957-42244,8/28/2015 0:00,Critical,357.21
IN-2016-TS212057-42583,8/1/2016 0:00,Critical,356.84
CA-2016-TC21295140-42531,6/10/2016 0:00,Critical,356.68
ID-2017-VF21715102-43052,11/13/2017 0:00,Critical,350.68
IN-2016-EM1382566-42581,7/30/2016 0:00,Critical,348.48
ES-2017-MB1808545-42780,2/14/2017 0:00,Critical,344.98
IN-2015-KB1631578-42225,8/9/2015 0:00,Critical,340.09
ES-2017-AF1088545-42834,4/9/2017 0:00,Critical,338.33
CA-2015-NP18685140-42344,12/6/2015 0:00,Critical,334.26
CA-2017-RM19675140-43094,12/25/2017 0:00,Critical,334.15
ES-2017-CC1210045-42913,6/27/2017 0:00,Critical,333.02
ES-2015-BG1103544-42198,7/13/2015 0:00,Critical,332.96
ES-2017-HW1493545-43066,11/27/2017 0:00,Critical,330.51
IN-2014-AS1028558-41951,11/8/2014 0:00,Critical,330.01
IN-2016-VG2180527-42727,12/23/2016 0:00,Critical,328.35
GH-2017-JD606049-42903,6/17/2017 0:00,Critical,327.94
ES-2017-DB13210139-42895,6/9/2017 0:00,Critical,327.11
ES-2017-CS118608-43023,10/15/2017 0:00,Critical,326.35
ES-2015-CK1220564-42152,5/28/2015 0:00,Critical,325.45
ES-2016-JD16150139-42599,8/17/2016 0:00,Critical,325.32
IN-2015-JC157757-42040,2/5/2015 0:00,Critical,320.92
CA-2015-MP17470140-42289,10/12/2015 0:00,Critical,314.38
CA-2017-TB21625140-42881,5/26/2017 0:00,Critical,314.27
IN-2016-NF1847527-42472,4/12/2016 0:00,Critical,313.71
IN-2016-MR1754558-42685,11/11/2016 0:00,Critical,313.66
ID-2015-LC1705092-42290,10/13/2015 0:00,Critical,313.52
ID-2016-JE1616559-42587,8/5/2016 0:00,Critical,307.25
ES-2016-LT1676564-42678,11/4/2016 0:00,Critical,305.25
ES-2015-BF1097545-42247,8/31/2015 0:00,Critical,305.16
IN-2016-CJ1201027-42541,6/20/2016 0:00,Critical,304.95
IN-2014-DM1352558-41853,8/2/2014 0:00,Critical,296.68
CD-2016-SM1032025-42414,2/14/2016 0:00,Critical,296.08
IN-2015-PM191357-42147,5/23/2015 0:00,Critical,296.01
ES-2017-FG1426045-42884,5/29/2017 0:00,Critical,293.46
IN-2015-SV2093527-42350,12/12/2015 0:00,Critical,288.75
IN-2016-JE1561058-42626,9/13/2016 0:00,Critical,286.67
ID-2015-JM1586597-42358,12/20/2015 0:00,Critical,285.61
ES-2017-AH100308-42934,7/18/2017 0:00,Critical,283.25
ES-2017-BN11470139-42841,4/16/2017 0:00,Critical,282.58
AU-2014-AG6758-41883,9/1/2014 0:00,Critical,282.09
AU-2014-AG6758-41883,9/1/2014 0:00,Critical,282.09
ES-2017-SK1999045-42953,8/6/2017 0:00,Critical,280.54
CA-2016-ER13855140-42679,11/5/2016 0:00,Critical,278.5
CA-2014-AJ10780140-41942,10/30/2014 0:00,Critical,277.66
CA-2014-AJ10780140-41942,10/30/2014 0:00,Critical,277.66
IN-2015-VT2170092-42364,12/26/2015 0:00,Critical,275.91
ES-2015-CS11950124-42013,1/9/2015 0:00,Critical,274.58
IN-2015-LW1682558-42106,4/12/2015 0:00,Critical,273.63
CA-2016-JS15880140-42412,2/12/2016 0:00,Critical,273.44
ES-2015-HZ1495045-42342,12/4/2015 0:00,Critical,266.02
IN-2016-PL1892588-42602,8/20/2016 0:00,Critical,265.14
IN-2016-CK1259592-42660,10/17/2016 0:00,Critical,260.6
IN-2016-MM1726027-42664,10/21/2016 0:00,Critical,259.57
ES-2017-ME17320139-42958,8/11/2017 0:00,Critical,259.34
ES-2014-DJ88887148-41961,11/18/2014 0:00,Critical,257.16
CG-2017-DK337533-42959,8/12/2017 0:00,Critical,255.69
CA-2016-PF19165140-42552,7/1/2016 0:00,Critical,254.77
CA-2016-CL12565140-42499,5/9/2016 0:00,Critical,254.13
ES-2015-JW1595545-42084,3/21/2015 0:00,Critical,252.9
IN-2014-BM1178527-41707,3/9/2014 0:00,Critical,248.59
ES-2014-HK1489045-41946,11/3/2014 0:00,Critical,246.09
ES-2017-CK1276045-43043,11/4/2017 0:00,Critical,242.18
AG-2014-RO97803-41695,2/25/2014 0:00,Critical,241.33
AG-2014-RO97803-41695,2/25/2014 0:00,Critical,241.33
CA-2017-KM16720140-43072,12/3/2017 0:00,Critical,240.88
CA-2014-CC12610140-41877,8/26/2014 0:00,Critical,237.41
CA-2014-CC12610140-41877,8/26/2014 0:00,Critical,237.41
ES-2017-HM14860125-43099,12/30/2017 0:00,Critical,236.49
ID-2014-PS18970118-41698,2/28/2014 0:00,Critical,236.16
ES-2017-MT1807045-42907,6/21/2017 0:00,Critical,234.96
CA-2017-BM11650140-43049,11/10/2017 0:00,Critical,232.86
IN-2015-CS1184527-42247,8/31/2015 0:00,Critical,232.17
ES-2017-DL13315139-42884,5/29/2017 0:00,Critical,230.35
ES-2016-BS1159045-42464,4/4/2016 0:00,Critical,227.85
CA-2017-SU20665140-42808,3/14/2017 0:00,Critical,227.5
ID-2014-BM1114059-41965,11/22/2014 0:00,Critical,226.73
CA-2016-WB21850140-42716,12/12/2016 0:00,Critical,226.26
IN-2016-HD1478527-42654,10/11/2016 0:00,Critical,225
CA-2017-HW14935140-42983,9/5/2017 0:00,Critical,219.28
IN-2014-VP217307-41896,9/14/2014 0:00,Critical,219.26
EZ-2017-AG27032-42980,9/2/2017 0:00,Critical,218.96
CA-2015-NC18340140-42098,4/4/2015 0:00,Critical,218.9
ES-2014-BW1120045-41815,6/25/2014 0:00,Critical,218.81
CA-2014-EK13795140-41715,3/17/2014 0:00,Critical,218.62
CA-2015-SG20080140-42308,10/31/2015 0:00,Critical,218.4
CT-2015-SC1072524-42031,1/27/2015 0:00,Critical,217.62
IN-2015-CA1226592-42357,12/19/2015 0:00,Critical,217.39
ES-2016-AB1001545-42661,10/18/2016 0:00,Critical,216.8
CA-2014-CC12220140-41915,10/3/2014 0:00,Critical,214.81
CA-2014-CC12220140-41915,10/3/2014 0:00,Critical,214.81
CA-2017-BP11185140-42975,8/28/2017 0:00,Critical,212.12
ID-2016-EB1384059-42659,10/16/2016 0:00,Critical,211.08
IN-2016-SL2015566-42534,6/13/2016 0:00,Critical,209.86
CA-2017-AS10090140-42995,9/17/2017 0:00,Critical,209.3
ES-2014-BP11185139-41982,12/9/2014 0:00,Critical,207.93
AL-2016-TT114602-42594,8/12/2016 0:00,Critical,206.56
AL-2016-TT114602-42594,8/12/2016 0:00,Critical,206.56
ID-2016-BG1103527-42512,5/22/2016 0:00,Critical,206.05
CA-2016-BG11695140-42521,5/31/2016 0:00,Critical,205.23
IN-2015-MH180257-42173,6/18/2015 0:00,Critical,204.72
IN-2014-TM2149059-41960,11/17/2014 0:00,Critical,199.05
IN-2014-LP170807-41777,5/18/2014 0:00,Critical,198.28
ES-2017-KM1672048-42758,1/23/2017 0:00,Critical,197.18
ID-2017-CS123557-43059,11/20/2017 0:00,Critical,196.55
CA-2016-JK16120140-42723,12/19/2016 0:00,Critical,195.54
CA-2016-DB13060140-42528,6/7/2016 0:00,Critical,195.49
CA-2017-RS19765140-43024,10/16/2017 0:00,Critical,195.43
CA-2014-JM16195140-41758,4/29/2014 0:00,Critical,194.34
CA-2015-DB13615140-42248,9/1/2015 0:00,Critical,193.89
CA-2017-SK19990140-43092,12/23/2017 0:00,Critical,192.33
IN-2015-JM161957-42096,4/2/2015 0:00,Critical,191.99
CA-2015-MH18025140-42210,7/25/2015 0:00,Critical,189.88
ES-2016-RS197658-42554,7/3/2016 0:00,Critical,189.33
CA-2017-AH10075140-43032,10/24/2017 0:00,Critical,188.95
ID-2016-AG1076558-42724,12/20/2016 0:00,Critical,187.63
IN-2015-AP1072092-42139,5/15/2015 0:00,Critical,185.63
ES-2017-JB1600064-42862,5/7/2017 0:00,Critical,185.28
IN-2014-TP21130144-41953,11/10/2014 0:00,Critical,184.98
ES-2016-AF1088564-42613,8/31/2016 0:00,Critical,184.11
ID-2016-AS102407-42643,9/30/2016 0:00,Critical,183.4
CA-2015-BM11650140-42286,10/9/2015 0:00,Critical,181.01
ID-2017-AC10660144-43037,10/29/2017 0:00,Critical,180.33
ES-2017-SJ202158-43000,9/22/2017 0:00,Critical,179.84
CA-2014-KF16285140-41907,9/25/2014 0:00,Critical,179.73
ES-2017-JH1582045-42987,9/9/2017 0:00,Critical,179.62
IN-2015-RD1990027-42328,11/20/2015 0:00,Critical,177.72
CA-2014-TC21295140-41992,12/19/2014 0:00,Critical,177.54
ID-2015-CL1270092-42114,4/20/2015 0:00,Critical,177.36
IN-2016-EB13750113-42604,8/22/2016 0:00,Critical,176.63
IN-2014-SF209657-41867,8/16/2014 0:00,Critical,175.98
ES-2017-KM1637548-42990,9/12/2017 0:00,Critical,175.94
ES-2016-LC1687045-42527,6/6/2016 0:00,Critical,174.89
ES-2017-RB1936045-43025,10/17/2017 0:00,Critical,174.41
ES-2014-AH1058514-41797,6/7/2014 0:00,Critical,173.24
ES-2014-BW1106548-41855,8/4/2014 0:00,Critical,172.82
ID-2016-GM1444092-42727,12/23/2016 0:00,Critical,171.98
ES-2017-MA1756048-42759,1/24/2017 0:00,Critical,169.71
IN-2016-MH17290113-42552,7/1/2016 0:00,Critical,169.69
CA-2016-MK17905140-42638,9/25/2016 0:00,Critical,169.09
ES-2017-MV17485120-43045,11/6/2017 0:00,Critical,167.78
ES-2016-EL13735139-42718,12/14/2016 0:00,Critical,167.11
CA-2014-JP15520140-41951,11/8/2014 0:00,Critical,163.91
ES-2014-TS2143064-41746,4/17/2014 0:00,Critical,163.42
ES-2017-BN1151545-43035,10/27/2017 0:00,Critical,162.72
IN-2015-BD1156088-42159,6/4/2015 0:00,Critical,162.56
ES-2016-SM2000591-42704,11/30/2016 0:00,Critical,162.41
CA-2016-CG12520140-42683,11/9/2016 0:00,Critical,161.71
ID-2017-AA1064559-43063,11/24/2017 0:00,Critical,159.38
ES-2015-JM1586545-42042,2/7/2015 0:00,Critical,158.88
CA-2017-KL16645140-42835,4/10/2017 0:00,Critical,158.68
CA-2017-RO19780140-43003,9/25/2017 0:00,Critical,157.5
IN-2015-MY1738092-42313,11/5/2015 0:00,Critical,156.66
CA-2017-CA12265140-43001,9/23/2017 0:00,Critical,155.34
CA-2014-FO14305140-41798,6/8/2014 0:00,Critical,155.24
CA-2014-ML17410140-41956,11/13/2014 0:00,Critical,155.23
IN-2016-BF1100527-42644,10/1/2016 0:00,Critical,154
IN-2015-JH1543092-42196,7/11/2015 0:00,Critical,150.94
ID-2016-KM1666059-42546,6/25/2016 0:00,Critical,150.83
ES-2014-RD19585120-41945,11/2/2014 0:00,Critical,150.48
IN-2014-FM142907-41904,9/22/2014 0:00,Critical,150.35
ID-2014-MG1768058-41949,11/6/2014 0:00,Critical,148.9
AJ-2014-TC109809-41797,6/7/2014 0:00,Critical,147.24
AJ-2014-TC109809-41797,6/7/2014 0:00,Critical,147.24
IN-2016-GM1468027-42580,7/29/2016 0:00,Critical,147.23
IN-2016-BP112307-42385,1/16/2016 0:00,Critical,147.18
CA-2014-CS12250140-41653,1/14/2014 0:00,Critical,146.29
CA-2014-CS12250140-41653,1/14/2014 0:00,Critical,146.29
CA-2014-EH14005140-41771,5/12/2014 0:00,Critical,146.04
EG-2014-IG508538-41839,7/19/2014 0:00,Critical,145.11
CM-2017-JS603022-42882,5/27/2017 0:00,Critical,143.66
ES-2016-ME1801045-42690,11/16/2016 0:00,Critical,143.23
ID-2016-CM1211558-42499,5/9/2016 0:00,Critical,143.2
CA-2017-CM12115140-43092,12/23/2017 0:00,Critical,142.96
CA-2017-PO19180140-42940,7/24/2017 0:00,Critical,142.18
CA-2015-RD19585140-42351,12/13/2015 0:00,Critical,141.27
ID-2017-JC15340102-42743,1/8/2017 0:00,Critical,140.77
IN-2016-JE1616592-42456,3/27/2016 0:00,Critical,139.79
CA-2016-AA10375140-42689,11/15/2016 0:00,Critical,139.02
IN-2016-AF10870118-42507,5/17/2016 0:00,Critical,137.5
ES-2017-HA1490564-42995,9/17/2017 0:00,Critical,136.93
IN-2015-ES1402027-42175,6/20/2015 0:00,Critical,135.18
HU-2014-ER385557-41649,1/10/2014 0:00,Critical,134.59
CA-2016-CC222023-42615,9/2/2016 0:00,Critical,133.38
ID-2014-SB201707-42001,12/28/2014 0:00,Critical,131.81
ID-2017-JG15310130-42864,5/9/2017 0:00,Critical,129.81
ES-2015-SC2002045-42229,8/13/2015 0:00,Critical,129.39
ES-2016-CW11905139-42640,9/27/2016 0:00,Critical,128.32
IN-2015-BF1127592-42363,12/25/2015 0:00,Critical,128.15
ES-2017-KW16570139-42790,2/24/2017 0:00,Critical,126.61
IN-2014-KN164507-41642,1/3/2014 0:00,Critical,125.32
ES-2017-BG1174045-43084,12/15/2017 0:00,Critical,125.29
IN-2015-NR1855027-42295,10/18/2015 0:00,Critical,125.22
ES-2014-PS18760120-41871,8/20/2014 0:00,Critical,125.15
ES-2015-LC17140120-42006,1/2/2015 0:00,Critical,124.98
CA-2015-DL13330140-42329,11/21/2015 0:00,Critical,124.78
ID-2017-NP183257-43099,12/30/2017 0:00,Critical,124.63
ES-2017-RA1994548-42980,9/2/2017 0:00,Critical,124.15
CA-2017-HP14815140-43070,12/1/2017 0:00,Critical,124.14
CA-2014-LW16825140-41788,5/29/2014 0:00,Critical,123.97
ES-2017-TH2123564-43092,12/23/2017 0:00,Critical,123.83
CA-2014-CS11860140-41760,5/1/2014 0:00,Critical,122.9
CA-2014-CS11860140-41760,5/1/2014 0:00,Critical,122.9
CA-2014-CS12250140-41970,11/27/2014 0:00,Critical,121.91
CA-2014-CS12250140-41970,11/27/2014 0:00,Critical,121.91
ID-2014-EB1387059-41930,10/18/2014 0:00,Critical,121.7
ES-2015-CS1250545-42273,9/26/2015 0:00,Critical,121.47
ES-2015-JM1586564-42229,8/13/2015 0:00,Critical,120.87
IN-2016-KN167057-42673,10/30/2016 0:00,Critical,118.72
ID-2015-JL1585092-42047,2/12/2015 0:00,Critical,117.25
IN-2015-NG1843058-42049,2/14/2015 0:00,Critical,117.24
IN-2014-GG1465027-41722,3/24/2014 0:00,Critical,114.66
ES-2016-CS1240045-42471,4/11/2016 0:00,Critical,114.52
CA-2016-ES14080140-42566,7/15/2016 0:00,Critical,114.36
ES-2014-JH1618048-41726,3/28/2014 0:00,Critical,114.36
IN-2014-AR10345144-41799,6/9/2014 0:00,Critical,113.45
ES-2016-DP1300048-42720,12/16/2016 0:00,Critical,113.42
ES-2015-NS18505139-42260,9/13/2015 0:00,Critical,112.98
CA-2017-MG17650140-42811,3/17/2017 0:00,Critical,112.65
ES-2014-HD1478548-41798,6/8/2014 0:00,Critical,112.2
ES-2016-TB2119045-42559,7/8/2016 0:00,Critical,111.82
ES-2015-MG18205120-42114,4/20/2015 0:00,Critical,111.52
IN-2016-RB195707-42515,5/25/2016 0:00,Critical,110.34
IN-2014-TH215507-41839,7/19/2014 0:00,Critical,108.82
ES-2016-DW1348048-42606,8/24/2016 0:00,Critical,107.94
ES-2017-GK14620139-42802,3/8/2017 0:00,Critical,107.61
CA-2017-ME17725140-42916,6/30/2017 0:00,Critical,106.95
CA-2016-BF11020140-42585,8/3/2016 0:00,Critical,106.89
CA-2017-JB15400140-43049,11/10/2017 0:00,Critical,106.81
ES-2016-MM1726045-42418,2/18/2016 0:00,Critical,106.53
IN-2015-JK1562527-42259,9/12/2015 0:00,Critical,106.18
CA-2015-LC16870140-42127,5/3/2015 0:00,Critical,105.11
ID-2016-LC16870118-42630,9/17/2016 0:00,Critical,104.75
EG-2015-RA928538-42218,8/2/2015 0:00,Critical,104.64
CM-2014-CL256522-41809,6/19/2014 0:00,Critical,104.28
CA-2015-KC16540140-42310,11/2/2015 0:00,Critical,104.24
IN-2016-BW111107-42633,9/20/2016 0:00,Critical,104.12
ES-2017-FG142608-43009,10/1/2017 0:00,Critical,103.9
ES-2014-TT2122045-41900,9/18/2014 0:00,Critical,103.82
ID-2017-MZ1751578-43056,11/17/2017 0:00,Critical,103.63
CA-2017-HA14905140-43031,10/23/2017 0:00,Critical,103.4
IN-2016-MG17890130-42527,6/6/2016 0:00,Critical,103.2
IN-2016-CS1217566-42535,6/14/2016 0:00,Critical,103.1
ES-2016-FC1433564-42624,9/11/2016 0:00,Critical,102.71
IN-2015-MP1817511-42192,7/7/2015 0:00,Critical,101.85
CA-2015-CM12655140-42082,3/19/2015 0:00,Critical,101.49
ES-2017-IM1507045-42965,8/18/2017 0:00,Critical,101.24
CA-2015-AG10495140-42319,11/11/2015 0:00,Critical,101.22
ES-2017-JK1564045-42949,8/2/2017 0:00,Critical,100.14
ID-2015-FO143057-42136,5/12/2015 0:00,Critical,99.73
ID-2015-KT1648059-42350,12/12/2015 0:00,Critical,99.72
ES-2014-ER13855120-41889,9/7/2014 0:00,Critical,99.32
CA-2014-JD16150140-41958,11/15/2014 0:00,Critical,99.3
ES-2016-LR16915120-42655,10/12/2016 0:00,Critical,99.15
CA-2016-NF838523-42549,6/28/2016 0:00,Critical,98.72
ID-2014-PM1913559-41819,6/29/2014 0:00,Critical,97.72
CA-2016-DB13270140-42716,12/12/2016 0:00,Critical,96.72
GH-2014-RS976549-41958,11/15/2014 0:00,Critical,96.54
GV-2014-BE141052-41736,4/7/2014 0:00,Critical,95.85
ES-2014-TW2102545-41721,3/23/2014 0:00,Critical,95.81
ES-2014-ML1804045-41854,8/3/2014 0:00,Critical,95.76
CA-2017-JD589523-43028,10/20/2017 0:00,Critical,95.49
IN-2016-HM1486027-42694,11/20/2016 0:00,Critical,94.93
CA-2014-MP17470140-41727,3/29/2014 0:00,Critical,94.8
CA-2016-TS21610140-42631,9/18/2016 0:00,Critical,94.45
EG-2016-LS694538-42397,1/28/2016 0:00,Critical,94.37
ES-2014-YC21895120-41770,5/11/2014 0:00,Critical,94.2
IN-2016-SZ200357-42611,8/29/2016 0:00,Critical,94.15
IN-2016-MS1798058-42598,8/16/2016 0:00,Critical,93.95
ES-2017-KD1627045-42752,1/17/2017 0:00,Critical,93.52
IN-2015-TZ2144527-42160,6/5/2015 0:00,Critical,93.24
ES-2015-TS21205120-42120,4/26/2015 0:00,Critical,92.22
CA-2014-LS16975140-41931,10/19/2014 0:00,Critical,90.78
CA-2015-MZ17335140-42316,11/8/2015 0:00,Critical,90.18
CA-2015-LR16915140-42338,11/30/2015 0:00,Critical,89.81
CA-2016-NR18550140-42661,10/18/2016 0:00,Critical,89.66
ES-2017-NS18640120-43060,11/21/2017 0:00,Critical,88.61
ES-2014-JF15565139-41865,8/14/2014 0:00,Critical,87.72
IN-2014-JW1595558-41964,11/21/2014 0:00,Critical,87.62
IN-2017-AH106907-42955,8/8/2017 0:00,Critical,87.48
CA-2014-KL16555140-41998,12/25/2014 0:00,Critical,87.27
ES-2017-AT1073548-42904,6/18/2017 0:00,Critical,87.17
ES-2017-KS1630014-43065,11/26/2017 0:00,Critical,87.07
ES-2017-CS1240064-43073,12/4/2017 0:00,Critical,86.58
IN-2016-JH1598559-42678,11/4/2016 0:00,Critical,86.41
ES-2017-TS2143045-42911,6/25/2017 0:00,Critical,86.31
ID-2016-MY182957-42499,5/9/2016 0:00,Critical,86.25
ES-2016-DA13450139-42576,7/25/2016 0:00,Critical,85.76
ES-2016-RS1987048-42538,6/17/2016 0:00,Critical,85.65
ES-2017-PC1874548-43079,12/10/2017 0:00,Critical,84.4
CA-2014-SC20305140-41988,12/15/2014 0:00,Critical,83.87
CA-2017-TH21235140-42895,6/9/2017 0:00,Critical,83.87
ID-2016-EK13795102-42512,5/22/2016 0:00,Critical,83.48
ID-2014-MK18160118-41943,10/31/2014 0:00,Critical,83.34
CA-2015-DB13405140-42224,8/8/2015 0:00,Critical,83.22
ID-2017-JD160607-42878,5/23/2017 0:00,Critical,82.9
CA-2016-AB10060140-42615,9/2/2016 0:00,Critical,82.67
ES-2016-PT1909045-42679,11/5/2016 0:00,Critical,82.38
IN-2014-NW1840027-41964,11/21/2014 0:00,Critical,82.31
ID-2014-SH203957-41868,8/17/2014 0:00,Critical,81.94
CA-2016-NS18640140-42716,12/12/2016 0:00,Critical,81.83
ID-2014-MD1786059-41696,2/26/2014 0:00,Critical,81.63
IN-2016-AR10540102-42452,3/23/2016 0:00,Critical,80.95
IN-2014-PG1889527-41972,11/29/2014 0:00,Critical,80.38
ES-2017-AF1087045-42899,6/13/2017 0:00,Critical,80.06
CA-2015-DJ13630140-42352,12/14/2015 0:00,Critical,79.8
CA-2016-ES14020140-42533,6/12/2016 0:00,Critical,79.71
IN-2016-ME1801021-42666,10/23/2016 0:00,Critical,79.07
ES-2017-KH1651014-43064,11/25/2017 0:00,Critical,78.84
AG-2014-BM17853-41782,5/23/2014 0:00,Critical,78.7
AG-2014-BM17853-41782,5/23/2014 0:00,Critical,78.7
CA-2017-RL19615140-42851,4/26/2017 0:00,Critical,78.44
ES-2017-LP1709545-42738,1/3/2017 0:00,Critical,78.44
ES-2017-RP1985548-42743,1/8/2017 0:00,Critical,77.7
ES-2016-JC1538548-42729,12/25/2016 0:00,Critical,77.27
CA-2015-HA14920140-42215,7/30/2015 0:00,Critical,77.11
ES-2016-CM11830120-42462,4/2/2016 0:00,Critical,76.98
CA-2014-SP20620140-42002,12/29/2014 0:00,Critical,76.76
ES-2017-RB19330139-43065,11/26/2017 0:00,Critical,76.66
ES-2015-AA1064545-42266,9/19/2015 0:00,Critical,76.63
CA-2016-CC12370140-42559,7/8/2016 0:00,Critical,75.27
IN-2014-RD19720113-41760,5/1/2014 0:00,Critical,75.19
CA-2016-MV18190140-42539,6/18/2016 0:00,Critical,74.66
ES-2014-DB1361548-41891,9/9/2014 0:00,Critical,74.08
ES-2017-PO18850139-42938,7/22/2017 0:00,Critical,73.91
IN-2015-NS185057-42161,6/6/2015 0:00,Critical,73.77
ES-2017-ME1772548-42826,4/1/2017 0:00,Critical,73.68
ES-2017-SC2068045-43079,12/10/2017 0:00,Critical,73.55
ES-2016-SC20095139-42679,11/5/2016 0:00,Critical,73.37
ES-2016-RP1985545-42560,7/9/2016 0:00,Critical,73.33
ES-2017-EH13945139-42910,6/24/2017 0:00,Critical,73.18
ES-2016-SM2095045-42373,1/4/2016 0:00,Critical,73.13
CA-2015-KA16525140-42054,2/19/2015 0:00,Critical,73.1
ES-2017-JG1580548-42966,8/19/2017 0:00,Critical,73.08
IN-2014-SS2041058-41958,11/15/2014 0:00,Critical,73
ES-2016-DE1325548-42538,6/17/2016 0:00,Critical,72.72
IN-2015-BS118007-42343,12/5/2015 0:00,Critical,72.59
CA-2015-PG18895140-42355,12/17/2015 0:00,Critical,72.45
ES-2016-PF19165139-42692,11/18/2016 0:00,Critical,72.38
ES-2017-SW20455139-43056,11/17/2017 0:00,Critical,71.56
ES-2015-CG1252045-42365,12/27/2015 0:00,Critical,71.14
AG-2017-PO88653-42748,1/13/2017 0:00,Critical,70.93
AG-2017-PO88653-42748,1/13/2017 0:00,Critical,70.93
IN-2016-RK1930027-42553,7/2/2016 0:00,Critical,70.93
IN-2016-AM103607-42595,8/13/2016 0:00,Critical,70.81
ES-2016-HL15040139-42440,3/11/2016 0:00,Critical,70.75
CA-2017-DO13645140-42994,9/16/2017 0:00,Critical,70.52
ES-2017-CC12685139-42835,4/10/2017 0:00,Critical,69.56
ES-2014-DM1301564-41718,3/20/2014 0:00,Critical,69.39
ES-2017-AG1033048-42944,7/28/2017 0:00,Critical,69.34
IN-2014-AH1019558-41993,12/20/2014 0:00,Critical,68.59
IN-2015-CG1252058-42232,8/16/2015 0:00,Critical,68.55
CA-2015-HR14830140-42360,12/22/2015 0:00,Critical,68.23
IN-2016-PS1876058-42528,6/7/2016 0:00,Critical,67.89
EG-2017-MM792038-43017,10/9/2017 0:00,Critical,67.7
IN-2016-DR1288027-42497,5/7/2016 0:00,Critical,67.55
CA-2016-RB19360140-42462,4/2/2016 0:00,Critical,67.52
IN-2015-JH1618058-42338,11/30/2015 0:00,Critical,66.98
CA-2016-TT21220140-42679,11/5/2016 0:00,Critical,66.57
IN-2015-CR125807-42337,11/29/2015 0:00,Critical,66.31
ID-2015-TB2128059-42287,10/10/2015 0:00,Critical,66.28
ES-2015-RD19585139-42245,8/29/2015 0:00,Critical,66.24
ES-2017-RR1952548-43008,9/30/2017 0:00,Critical,65.82
CA-2014-TB21520140-41932,10/20/2014 0:00,Critical,65.76
CA-2016-TB21055140-42539,6/18/2016 0:00,Critical,65.72
CA-2017-AW10840140-43080,12/11/2017 0:00,Critical,65.52
CA-2017-DM352523-42777,2/11/2017 0:00,Critical,65.35
ES-2015-JS1588045-42298,10/21/2015 0:00,Critical,65.33
ES-2016-BM1157545-42683,11/9/2016 0:00,Critical,65.01
ES-2017-JK1532545-42910,6/24/2017 0:00,Critical,64.33
IN-2014-BM1178592-41719,3/21/2014 0:00,Critical,64.1
ES-2015-VB2174545-42276,9/29/2015 0:00,Critical,63.42
ES-2015-CD11920120-42149,5/25/2015 0:00,Critical,63.4
CA-2014-SB20185140-41901,9/19/2014 0:00,Critical,63.39
CA-2016-TW21025140-42443,3/14/2016 0:00,Critical,63.1
CA-2017-MC17605140-42865,5/10/2017 0:00,Critical,63.05
IN-2014-AM10705130-41881,8/30/2014 0:00,Critical,62.81
CA-2015-LF17185140-42068,3/5/2015 0:00,Critical,62.5
IN-2016-TC2147558-42484,4/24/2016 0:00,Critical,62
CA-2014-EH14005140-41979,12/6/2014 0:00,Critical,61.23
CA-2015-KN16390140-42287,10/10/2015 0:00,Critical,61.14
ES-2016-FA1423064-42467,4/7/2016 0:00,Critical,61.02
CA-2016-NS18505140-42699,11/25/2016 0:00,Critical,60.68
IN-2015-MH174407-42155,5/31/2015 0:00,Critical,60.52
ID-2017-RF19345102-42980,9/2/2017 0:00,Critical,59.77
ID-2015-AA1064559-42007,1/3/2015 0:00,Critical,59.62
ES-2014-LS17230139-41964,11/21/2014 0:00,Critical,59.59
CA-2016-JG15160140-42710,12/6/2016 0:00,Critical,59.44
IN-2014-FO1430578-41680,2/10/2014 0:00,Critical,59.42
ES-2014-HP14815139-41722,3/24/2014 0:00,Critical,59.36
AL-2016-GA45152-42480,4/20/2016 0:00,Critical,59.24
AL-2016-GA45152-42480,4/20/2016 0:00,Critical,59.24
CA-2017-FH14275140-42989,9/11/2017 0:00,Critical,59.01
EG-2017-DJ363038-42847,4/22/2017 0:00,Critical,58.74
ID-2016-TB2125059-42704,11/30/2016 0:00,Critical,58.32
IN-2014-BE1145527-41936,10/24/2014 0:00,Critical,58.27
ES-2014-MA1756064-41658,1/19/2014 0:00,Critical,58.25
ES-2017-PR1888045-42874,5/19/2017 0:00,Critical,58.24
IN-2015-CC12670144-42323,11/15/2015 0:00,Critical,58.15
CA-2014-GW14605140-41846,7/26/2014 0:00,Critical,57.93
CA-2014-LL16840140-41862,8/11/2014 0:00,Critical,57.56
IN-2015-CC124307-42041,2/6/2015 0:00,Critical,57.5
ES-2017-JK1537045-42846,4/21/2017 0:00,Critical,57.36
IN-2014-PO1886511-41671,2/1/2014 0:00,Critical,57.3
CA-2016-MS17710140-42517,5/27/2016 0:00,Critical,57.01
CG-2017-JM586533-43030,10/22/2017 0:00,Critical,56.99
CA-2015-CA12775140-42349,12/11/2015 0:00,Critical,56.3
CA-2016-EH13765140-42443,3/14/2016 0:00,Critical,56.09
CA-2015-JE15715140-42300,10/23/2015 0:00,Critical,55.3
ES-2014-GT1475564-41861,8/10/2014 0:00,Critical,55.26
CA-2014-AH10030140-41750,4/21/2014 0:00,Critical,55.2
CA-2014-AH10030140-41750,4/21/2014 0:00,Critical,55.2
ES-2017-EN1378045-42876,5/21/2017 0:00,Critical,55.15
ES-2016-PJ1883564-42423,2/23/2016 0:00,Critical,55.02
ID-2016-KC1654092-42645,10/2/2016 0:00,Critical,55.01
IN-2016-CS121757-42710,12/6/2016 0:00,Critical,54.67
IN-2016-EB139307-42434,3/5/2016 0:00,Critical,54.67
ES-2015-RD1972048-42359,12/21/2015 0:00,Critical,54.4
ES-2015-DL13495139-42155,5/31/2015 0:00,Critical,53.98
CA-2017-RB970523-42951,8/4/2017 0:00,Critical,53.9
AO-2014-DK31504-41671,2/1/2014 0:00,Critical,53.08
AO-2014-DK31504-41671,2/1/2014 0:00,Critical,53.08
ES-2016-PV1898545-42696,11/22/2016 0:00,Critical,52.68
IN-2015-PR1888027-42160,6/5/2015 0:00,Critical,52.64
ES-2014-CM1181564-41978,12/5/2014 0:00,Critical,52.42
CA-2016-EH14125140-42515,5/25/2016 0:00,Critical,52.33
IN-2014-MS1736527-41792,6/2/2014 0:00,Critical,52.31
ES-2016-TB21280139-42547,6/26/2016 0:00,Critical,52.2
ID-2014-LH1715559-41834,7/14/2014 0:00,Critical,52.16
ES-2016-AA10315139-42632,9/19/2016 0:00,Critical,51.79
ES-2014-CL1256548-41679,2/9/2014 0:00,Critical,51.62
CG-2017-MH778533-43023,10/15/2017 0:00,Critical,51.13
IN-2014-AW1084097-41958,11/15/2014 0:00,Critical,50.75
IN-2016-GW146057-42564,7/13/2016 0:00,Critical,50.67
AG-2016-RB96453-42625,9/12/2016 0:00,Critical,50.56
AG-2016-RB96453-42625,9/12/2016 0:00,Critical,50.56
IN-2016-AD1018027-42632,9/19/2016 0:00,Critical,50.42
CA-2017-EH14005140-43001,9/23/2017 0:00,Critical,50.32
ES-2016-PO18850120-42524,6/3/2016 0:00,Critical,50.1
IN-2014-SB2017027-41883,9/1/2014 0:00,Critical,50.04
IN-2016-BD1172592-42408,2/8/2016 0:00,Critical,49.2
CM-2016-AJ96022-42689,11/15/2016 0:00,Critical,49.11
ID-2015-SC200507-42148,5/24/2015 0:00,Critical,49
ES-2015-PO1885064-42138,5/14/2015 0:00,Critical,48.6
ES-2014-SC20695139-41799,6/9/2014 0:00,Critical,48.57
CA-2016-RW19630140-42702,11/28/2016 0:00,Critical,48.49
EZ-2017-JC610532-42928,7/12/2017 0:00,Critical,48.35
ES-2017-JH1543048-42797,3/3/2017 0:00,Critical,48.08
ES-2016-RF1934545-42618,9/5/2016 0:00,Critical,47.81
CA-2017-RA19945140-43039,10/31/2017 0:00,Critical,47.46
ES-2015-FM14380139-42365,12/27/2015 0:00,Critical,47.39
CA-2014-TT21070140-41776,5/17/2014 0:00,Critical,47.02
CA-2016-SC20770140-42534,6/13/2016 0:00,Critical,46.81
IN-2016-SP2062058-42513,5/23/2016 0:00,Critical,46.65
ES-2017-KM1666048-42932,7/16/2017 0:00,Critical,46.45
BO-2016-HW493513-42568,7/17/2016 0:00,Critical,46.39
BO-2016-HW493513-42568,7/17/2016 0:00,Critical,46.39
ES-2017-CM12715139-42913,6/27/2017 0:00,Critical,46.3
CA-2016-CC12370140-42598,8/16/2016 0:00,Critical,46
EG-2016-MK816038-42442,3/13/2016 0:00,Critical,45.87
CA-2014-EH13990140-41655,1/16/2014 0:00,Critical,45.24
IN-2016-CC1247527-42493,5/3/2016 0:00,Critical,45.18
IN-2015-AS10240102-42224,8/8/2015 0:00,Critical,45.17
CA-2015-AA10375140-42037,2/2/2015 0:00,Critical,45.16
CA-2017-SZ20035140-42925,7/9/2017 0:00,Critical,44.85
ID-2014-ML1826559-41987,12/14/2014 0:00,Critical,44.61
ID-2014-SP2065027-41671,2/1/2014 0:00,Critical,44.36
CA-2016-DM13015140-42619,9/6/2016 0:00,Critical,44.15
CA-2016-DB12970140-42576,7/25/2016 0:00,Critical,44.07
ES-2014-CM1183048-41883,9/1/2014 0:00,Critical,43.89
EG-2017-ST1053038-42897,6/11/2017 0:00,Critical,43.57
CA-2015-KB16240140-42315,11/7/2015 0:00,Critical,43.43
IN-2014-SN2056058-41862,8/11/2014 0:00,Critical,43.1
CA-2016-AH10075140-42548,6/27/2016 0:00,Critical,43.08
CA-2016-AS10045140-42639,9/26/2016 0:00,Critical,43.01
ES-2016-BD1150096-42612,8/30/2016 0:00,Critical,42.63
IN-2014-AR1054027-41972,11/29/2014 0:00,Critical,42.34
ES-2017-JH1618045-42839,4/14/2017 0:00,Critical,42.21
CA-2017-GA14515140-42911,6/25/2017 0:00,Critical,42.07
ES-2015-KH1633064-42028,1/24/2015 0:00,Critical,42.07
IN-2015-HG1484558-42163,6/8/2015 0:00,Critical,41.98
CG-2014-JD589533-41862,8/11/2014 0:00,Critical,41.86
AG-2017-CR28203-42882,5/27/2017 0:00,Critical,41.85
AG-2017-CR28203-42882,5/27/2017 0:00,Critical,41.85
ID-2016-AB101657-42666,10/23/2016 0:00,Critical,41.81
CA-2015-NS18640140-42072,3/9/2015 0:00,Critical,41.35
ID-2015-ZC2191059-42240,8/24/2015 0:00,Critical,41.28
CA-2016-RC19825140-42542,6/21/2016 0:00,Critical,41.18
ES-2016-RB19465139-42441,3/12/2016 0:00,Critical,40.92
CA-2016-RC19825140-42384,1/15/2016 0:00,Critical,40.89
ES-2016-KS1630048-42694,11/20/2016 0:00,Critical,40.38
IN-2016-AS10135144-42395,1/26/2016 0:00,Critical,40.29
CA-2016-SC20725140-42534,6/13/2016 0:00,Critical,40.25
CA-2016-MS17530140-42666,10/23/2016 0:00,Critical,40.23
ES-2017-FW1439548-42780,2/14/2017 0:00,Critical,40.09
IN-2014-MA175607-41898,9/16/2014 0:00,Critical,40.03
CA-2017-DO13645140-43002,9/24/2017 0:00,Critical,39.89
ES-2016-MC17635120-42576,7/25/2016 0:00,Critical,39.58
CA-2014-NB858023-41816,6/26/2014 0:00,Critical,39.56
BU-2016-CM265519-42462,4/2/2016 0:00,Critical,38.95
BU-2016-CM265519-42462,4/2/2016 0:00,Critical,38.95
CA-2016-AO10810140-42599,8/17/2016 0:00,Critical,38.72
ES-2015-SG2047045-42013,1/9/2015 0:00,Critical,38.65
CA-2016-LA16780140-42699,11/25/2016 0:00,Critical,38.57
ES-2016-CK1232564-42609,8/27/2016 0:00,Critical,38.47
CA-2017-KN16390140-43047,11/8/2017 0:00,Critical,38.37
IN-2014-AS10045113-41954,11/11/2014 0:00,Critical,38.36
CA-2014-VG21790140-41966,11/23/2014 0:00,Critical,38.26
CA-2017-DK12835140-42850,4/25/2017 0:00,Critical,37.94
CA-2016-EA14035140-42421,2/21/2016 0:00,Critical,37.49
IN-2016-CL1256527-42731,12/27/2016 0:00,Critical,37.47
ES-2017-KA1652545-42815,3/21/2017 0:00,Critical,37.35
ES-2016-BS1180045-42562,7/11/2016 0:00,Critical,37.31
ES-2015-LW1712548-42213,7/28/2015 0:00,Critical,37.18
ES-2017-VM2183548-42786,2/20/2017 0:00,Critical,37.11
IN-2016-DP131657-42511,5/21/2016 0:00,Critical,37.11
ID-2015-KH166307-42336,11/28/2015 0:00,Critical,36.82
ES-2015-AJ1094545-42259,9/12/2015 0:00,Critical,36.59
CA-2014-DL13315140-41656,1/17/2014 0:00,Critical,36.4
CA-2014-DL13315140-41656,1/17/2014 0:00,Critical,36.4
IN-2014-AH105851-41973,11/30/2014 0:00,Critical,36.24
IN-2016-LE1681058-42629,9/16/2016 0:00,Critical,35.98
ES-2016-JB1600048-42587,8/5/2016 0:00,Critical,35.5
ES-2017-MG17875139-42989,9/11/2017 0:00,Critical,35.31
CA-2014-JE15745140-41811,6/21/2014 0:00,Critical,35.16
IN-2016-MP18175144-42440,3/11/2016 0:00,Critical,35.14
IN-2016-BM1178592-42694,11/20/2016 0:00,Critical,35.01
EG-2016-SF1096538-42522,6/1/2016 0:00,Critical,34.96
ES-2014-GB1457548-41999,12/26/2014 0:00,Critical,34.83
CG-2015-SE1011033-42174,6/19/2015 0:00,Critical,34.79
CA-2014-KE16420140-41823,7/3/2014 0:00,Critical,34.66
IN-2016-JG1516058-42469,4/9/2016 0:00,Critical,34.51
ES-2017-SV20935139-43100,12/31/2017 0:00,Critical,34.47
ES-2015-JJ15760120-42234,8/18/2015 0:00,Critical,34.37
ES-2017-FH1436548-43088,12/19/2017 0:00,Critical,34.25
CG-2014-DM352533-41949,11/6/2014 0:00,Critical,34.16
CA-2015-BP115523-42125,5/1/2015 0:00,Critical,33.91
CA-2016-JG15310140-42573,7/22/2016 0:00,Critical,33.71
IN-2016-ND18460102-42528,6/7/2016 0:00,Critical,33.65
ES-2016-ME1801048-42433,3/4/2016 0:00,Critical,33.49
IN-2016-LC169307-42732,12/28/2016 0:00,Critical,33.22
ES-2017-LC1693014-42998,9/20/2017 0:00,Critical,33.02
CA-2014-TN21040140-41921,10/9/2014 0:00,Critical,32.74
CA-2017-RD19810140-43039,10/31/2017 0:00,Critical,32.62
CG-2017-JR621033-42954,8/7/2017 0:00,Critical,32.59
CA-2014-RD966023-41726,3/28/2014 0:00,Critical,32.46
CA-2016-NF18385140-42601,8/19/2016 0:00,Critical,32.42
ES-2016-LA1678091-42699,11/25/2016 0:00,Critical,32.36
ID-2016-PC1900059-42706,12/2/2016 0:00,Critical,32.28
ID-2017-FH1436559-43001,9/23/2017 0:00,Critical,32.21
ES-2014-CC1261048-41848,7/28/2014 0:00,Critical,32.17
ES-2016-SB2018564-42540,6/19/2016 0:00,Critical,32.17
ES-2014-AB1001564-41718,3/20/2014 0:00,Critical,31.94
ES-2016-CP12340120-42629,9/16/2016 0:00,Critical,31.81
IN-2015-PF1916559-42148,5/24/2015 0:00,Critical,31.75
ES-2014-EP1391548-41850,7/30/2014 0:00,Critical,31.71
ES-2016-DV1346564-42692,11/18/2016 0:00,Critical,31.4
ES-2017-AR1034544-43032,10/24/2017 0:00,Critical,31.36
IN-2015-RD1972066-42227,8/11/2015 0:00,Critical,31.29
CA-2015-KL16645140-42313,11/5/2015 0:00,Critical,31.08
CA-2015-SG20470140-42184,6/29/2015 0:00,Critical,30.94
CA-2015-KB16585140-42322,11/14/2015 0:00,Critical,30.93
ID-2016-GM14500144-42622,9/9/2016 0:00,Critical,30.88
IN-2016-MF1766566-42680,11/6/2016 0:00,Critical,30.85
ES-2016-NP1870045-42735,12/31/2016 0:00,Critical,30.83
ES-2014-KA1652548-41711,3/13/2014 0:00,Critical,30.78
ID-2014-SD20485102-41914,10/2/2014 0:00,Critical,30.65
IN-2015-JP161357-42272,9/25/2015 0:00,Critical,30.54
EG-2017-DK283538-42993,9/15/2017 0:00,Critical,30.46
ES-2016-HW1493545-42589,8/7/2016 0:00,Critical,30.27
ID-2017-AS1009058-43047,11/8/2017 0:00,Critical,30.24
ES-2014-AF1088564-41894,9/12/2014 0:00,Critical,30.06
ES-2016-NP1868514-42534,6/13/2016 0:00,Critical,29.84
ES-2017-DM1334548-43064,11/25/2017 0:00,Critical,29.82
CA-2015-MC17275140-42076,3/13/2015 0:00,Critical,29.7
CA-2017-DW13540140-43002,9/24/2017 0:00,Critical,29.5
EZ-2017-VW1177532-42749,1/14/2017 0:00,Critical,29.27
ES-2017-FA14230120-42854,4/29/2017 0:00,Critical,29.12
CA-2016-CC12220140-42645,10/2/2016 0:00,Critical,29.05
ID-2017-KE164207-42790,2/24/2017 0:00,Critical,29.04
ES-2014-PM1894045-41875,8/24/2014 0:00,Critical,29
ES-2015-JO1514545-42089,3/26/2015 0:00,Critical,28.92
IN-2014-DF1313566-41696,2/26/2014 0:00,Critical,28.91
CA-2016-BE11335140-42384,1/15/2016 0:00,Critical,28.78
ES-2017-RD19585120-43075,12/6/2017 0:00,Critical,28.76
IN-2016-RP192707-42732,12/28/2016 0:00,Critical,28.69
ES-2017-SF20200139-42960,8/13/2017 0:00,Critical,28.67
CA-2017-JM16195140-42986,9/8/2017 0:00,Critical,28.56
ES-2017-RB1946548-42987,9/9/2017 0:00,Critical,28.53
ES-2017-SG20605120-42901,6/15/2017 0:00,Critical,28.52
GH-2017-DV346549-43074,12/5/2017 0:00,Critical,28.41
ES-2014-TB21520120-41765,5/6/2014 0:00,Critical,28.37
CA-2017-CS11845140-43009,10/1/2017 0:00,Critical,28.19
ES-2017-VM2183545-42956,8/9/2017 0:00,Critical,28.05
IN-2016-JL158357-42505,5/15/2016 0:00,Critical,27.87
CA-2017-TS21655140-42862,5/7/2017 0:00,Critical,27.79
ID-2014-SS208757-41661,1/22/2014 0:00,Critical,27.43
ES-2017-BG11740139-42744,1/9/2017 0:00,Critical,27.42
ID-2017-RM193757-43082,12/13/2017 0:00,Critical,27.41
EG-2017-JH543038-43018,10/10/2017 0:00,Critical,27.36
ES-2017-BE1141048-42955,8/8/2017 0:00,Critical,27.24
IN-2014-CD1198027-41925,10/13/2014 0:00,Critical,27.21
CA-2014-QJ19255140-41714,3/16/2014 0:00,Critical,27.1
IN-2016-EH1399059-42463,4/3/2016 0:00,Critical,27.03
ES-2014-RD1948064-42002,12/29/2014 0:00,Critical,26.97
CA-2017-NP18670140-43042,11/3/2017 0:00,Critical,26.81
AG-2015-PF91653-42338,11/30/2015 0:00,Critical,26.8
AG-2015-PF91653-42338,11/30/2015 0:00,Critical,26.8
IN-2015-JH1618058-42148,5/24/2015 0:00,Critical,26.79
IN-2015-TM2101058-42262,9/15/2015 0:00,Critical,26.61
CG-2016-DM334533-42672,10/29/2016 0:00,Critical,26.46
CA-2016-GG14650140-42702,11/28/2016 0:00,Critical,26.2
ES-2014-SC2057545-41901,9/19/2014 0:00,Critical,25.87
CA-2016-LS694523-42491,5/1/2016 0:00,Critical,25.73
CA-2016-VM21835140-42447,3/18/2016 0:00,Critical,25.63
IN-2014-LW16825113-41721,3/23/2014 0:00,Critical,25.58
ES-2016-SP2062064-42706,12/2/2016 0:00,Critical,25.38
IN-2016-TP21415130-42560,7/9/2016 0:00,Critical,25.36
IN-2014-MG1768058-41928,10/16/2014 0:00,Critical,25.34
IN-2016-AC1045058-42545,6/24/2016 0:00,Critical,25.3
CA-2016-AG10330140-42586,8/4/2016 0:00,Critical,25.22
IN-2014-TD2099558-41907,9/25/2014 0:00,Critical,25.14
CA-2015-MH17785140-42323,11/15/2015 0:00,Critical,25.13
IN-2015-KT164657-42351,12/13/2015 0:00,Critical,24.75
ES-2017-MM17920139-42827,4/2/2017 0:00,Critical,24.73
ES-2016-JC1534045-42720,12/16/2016 0:00,Critical,24.67
ES-2015-SO20335120-42348,12/10/2015 0:00,Critical,24.57
IN-2016-LP17095102-42497,5/7/2016 0:00,Critical,24.57
IN-2014-GM146807-41964,11/21/2014 0:00,Critical,24.38
IN-2015-Dl13600121-42351,12/13/2015 0:00,Critical,24.3
AG-2017-AM3603-42910,6/24/2017 0:00,Critical,24.16
AG-2017-AM3603-42910,6/24/2017 0:00,Critical,24.16
GG-2017-TH1111547-42847,4/22/2017 0:00,Critical,24.09
IN-2014-BF1102059-41988,12/15/2014 0:00,Critical,23.94
CA-2016-MO17500140-42648,10/5/2016 0:00,Critical,23.93
CA-2016-CS12490140-42676,11/2/2016 0:00,Critical,23.84
ES-2015-BM1157545-42255,9/8/2015 0:00,Critical,23.81
CA-2016-CC12220140-42458,3/29/2016 0:00,Critical,23.69
CA-2015-JD16150140-42335,11/27/2015 0:00,Critical,23.46
IN-2017-AM10360113-42914,6/28/2017 0:00,Critical,23.45
ES-2017-JC1538545-43046,11/7/2017 0:00,Critical,23.27
ES-2016-DL1349564-42489,4/29/2016 0:00,Critical,23.17
CA-2016-TT21265140-42694,11/20/2016 0:00,Critical,23.07
IN-2014-EH1399011-41782,5/23/2014 0:00,Critical,22.99
CA-2014-AG10270140-41842,7/22/2014 0:00,Critical,22.93
CA-2014-AG10270140-41842,7/22/2014 0:00,Critical,22.93
ES-2016-DB1361548-42523,6/2/2016 0:00,Critical,22.67
IN-2016-CM123857-42724,12/20/2016 0:00,Critical,22.67
CA-2015-PS18970140-42338,11/30/2015 0:00,Critical,22.47
ID-2014-RP1927059-41850,7/30/2014 0:00,Critical,22.47
CA-2014-KH16360140-41779,5/20/2014 0:00,Critical,22.28
CA-2017-TS21610140-43022,10/14/2017 0:00,Critical,22.16
ES-2014-JM1526545-41806,6/16/2014 0:00,Critical,22.15
ID-2017-CB120257-42924,7/8/2017 0:00,Critical,22.15
IN-2015-CR1262527-42282,10/5/2015 0:00,Critical,22.12
ES-2016-MD1735045-42706,12/2/2016 0:00,Critical,21.99
ES-2017-ST20530120-42812,3/18/2017 0:00,Critical,21.99
IN-2017-AM1036011-43085,12/16/2017 0:00,Critical,21.97
EG-2017-JD589538-42897,6/11/2017 0:00,Critical,21.86
ES-2017-MP1796562-42812,3/18/2017 0:00,Critical,21.79
IN-2014-HD147857-41895,9/13/2014 0:00,Critical,21.6
IN-2016-CC1268559-42650,10/7/2016 0:00,Critical,21.53
ES-2017-AR1082545-42888,6/2/2017 0:00,Critical,21.45
CA-2015-TP21565140-42064,3/1/2015 0:00,Critical,21.36
ES-2016-TD2099548-42489,4/29/2016 0:00,Critical,21.31
IN-2014-RS194201-41867,8/16/2014 0:00,Critical,21.21
ID-2014-MC1810059-41654,1/15/2014 0:00,Critical,21.15
ES-2017-TG2131048-42816,3/22/2017 0:00,Critical,21.11
CM-2015-PF922522-42009,1/5/2015 0:00,Critical,21.1
CA-2016-CM12235140-42492,5/2/2016 0:00,Critical,20.57
IN-2016-MC1763566-42654,10/11/2016 0:00,Critical,20.56
CA-2017-VG21790140-42925,7/9/2017 0:00,Critical,20.54
ES-2017-TC21295139-42969,8/22/2017 0:00,Critical,20.37
ES-2017-EH1418548-42856,5/1/2017 0:00,Critical,20.21
CA-2016-VM21685140-42622,9/9/2016 0:00,Critical,20.16
IN-2015-RD19660102-42033,1/29/2015 0:00,Critical,20.11
ES-2016-SC2077048-42647,10/4/2016 0:00,Critical,19.97
IN-2016-AH1003059-42415,2/15/2016 0:00,Critical,19.96
ES-2015-CS1195048-42197,7/12/2015 0:00,Critical,19.79
CA-2016-JK16120140-42696,11/22/2016 0:00,Critical,19.74
ES-2016-ST2053048-42372,1/3/2016 0:00,Critical,19.67
BU-2017-DP310519-42924,7/8/2017 0:00,Critical,19.59
BU-2017-DP310519-42924,7/8/2017 0:00,Critical,19.59
IN-2014-PF1912027-41713,3/15/2014 0:00,Critical,19.58
CA-2017-PN18775140-43049,11/10/2017 0:00,Critical,19.49
IN-2015-KN163907-42369,12/31/2015 0:00,Critical,19.39
ES-2017-ME18010120-42944,7/28/2017 0:00,Critical,19.28
ID-2016-SC2030588-42549,6/28/2016 0:00,Critical,19.23
CA-2017-BD11635140-43091,12/22/2017 0:00,Critical,19.15
CA-2014-TH21550140-41733,4/4/2014 0:00,Critical,19.06
ID-2016-DW131957-42634,9/21/2016 0:00,Critical,19.05
ES-2015-DB1340564-42330,11/22/2015 0:00,Critical,19.02
ES-2016-JP16135120-42723,12/19/2016 0:00,Critical,18.9
CA-2017-NP18325140-43075,12/6/2017 0:00,Critical,18.58
CA-2016-JF15565140-42591,8/9/2016 0:00,Critical,18.55
ID-2014-DK129857-41985,12/12/2014 0:00,Critical,18.51
CA-2015-CM12190140-42294,10/17/2015 0:00,Critical,18.46
CA-2014-EH13990140-41966,11/23/2014 0:00,Critical,18.43
ES-2017-LP17080120-43023,10/15/2017 0:00,Critical,18.43
ID-2015-BW1106597-42092,3/29/2015 0:00,Critical,18.38
ES-2014-MD17860120-41657,1/18/2014 0:00,Critical,18.36
ES-2017-MH1778545-43085,12/16/2017 0:00,Critical,17.93
CA-2016-DL13315140-42618,9/5/2016 0:00,Critical,17.92
ID-2017-BF109757-42974,8/27/2017 0:00,Critical,17.9
CA-2016-SE20110140-42402,2/2/2016 0:00,Critical,17.83
ES-2016-MG1768064-42527,6/6/2016 0:00,Critical,17.83
ID-2017-LS1697559-42828,4/3/2017 0:00,Critical,17.73
CA-2017-LF17185140-43078,12/9/2017 0:00,Critical,17.69
ID-2017-DK13150102-42933,7/17/2017 0:00,Critical,17.64
CA-2015-HG14965140-42275,9/28/2015 0:00,Critical,17.63
CA-2015-JE15715140-42055,2/20/2015 0:00,Critical,17.59
CA-2017-NS18640140-42841,4/16/2017 0:00,Critical,17.5
ES-2017-LO17170139-42897,6/11/2017 0:00,Critical,17.26
AG-2016-CP20853-42620,9/7/2016 0:00,Critical,17.18
AG-2016-CP20853-42620,9/7/2016 0:00,Critical,17.18
CA-2017-NS18640140-42926,7/10/2017 0:00,Critical,17.18
IN-2016-ML173957-42583,8/1/2016 0:00,Critical,17.18
ID-2017-TP2156597-42973,8/26/2017 0:00,Critical,16.89
ES-2015-RD1981048-42096,4/2/2015 0:00,Critical,16.76
ID-2014-TB2105558-41886,9/4/2014 0:00,Critical,16.72
CT-2014-TS1137024-41666,1/27/2014 0:00,Critical,16.59
IN-2015-EM142007-42244,8/28/2015 0:00,Critical,16.58
CA-2017-XP21865140-43057,11/18/2017 0:00,Critical,16.45
ES-2016-DM13015120-42587,8/5/2016 0:00,Critical,16.37
CA-2015-SS20140140-42274,9/27/2015 0:00,Critical,16.36
ES-2017-JL1550548-43070,12/1/2017 0:00,Critical,16.27
CA-2015-HD14785140-42330,11/22/2015 0:00,Critical,16.16
ES-2016-PB1880562-42597,8/15/2016 0:00,Critical,16.13
CA-2016-SC1077023-42459,3/30/2016 0:00,Critical,15.98
CA-2015-CB12535140-42005,1/1/2015 0:00,Critical,15.81
IN-2014-FW1439511-41753,4/24/2014 0:00,Critical,15.8
ES-2014-JP15520139-41862,8/11/2014 0:00,Critical,15.67
IN-2016-SR2074058-42528,6/7/2016 0:00,Critical,15.52
ES-2017-TP21415139-42982,9/4/2017 0:00,Critical,15.48
ES-2015-NC1862548-42085,3/22/2015 0:00,Critical,15.42
IN-2014-CK127607-41972,11/29/2014 0:00,Critical,15.4
ES-2015-SE20110139-42229,8/13/2015 0:00,Critical,15.39
ID-2014-CB1202599-41869,8/18/2014 0:00,Critical,15.25
ES-2017-PM1913514-42889,6/3/2017 0:00,Critical,15.2
CA-2017-DK12835140-42922,7/6/2017 0:00,Critical,15.03
ID-2017-PC187457-42876,5/21/2017 0:00,Critical,14.89
ES-2016-TT21070120-42534,6/13/2016 0:00,Critical,14.74
ID-2016-MS1783059-42499,5/9/2016 0:00,Critical,14.7
ES-2014-MH1745564-41946,11/3/2014 0:00,Critical,14.6
ES-2014-JC1577548-41925,10/13/2014 0:00,Critical,14.59
ES-2014-KB162408-41921,10/9/2014 0:00,Critical,14.5
IN-2015-JC157757-42244,8/28/2015 0:00,Critical,14.34
ES-2016-BD1163548-42625,9/12/2016 0:00,Critical,14.33
ES-2016-ST2053048-42386,1/17/2016 0:00,Critical,14.33
ES-2017-LW1721545-42825,3/31/2017 0:00,Critical,14.3
ES-2014-GA1451548-41853,8/2/2014 0:00,Critical,14.25
ID-2017-MK17905102-43037,10/29/2017 0:00,Critical,14.24
ES-2017-DK13375139-42813,3/19/2017 0:00,Critical,14.2
ES-2017-MC1727545-42929,7/13/2017 0:00,Critical,14.04
IN-2016-IL151007-42721,12/17/2016 0:00,Critical,13.92
ES-2015-HP14815120-42086,3/23/2015 0:00,Critical,13.91
ES-2017-CS1184548-43032,10/24/2017 0:00,Critical,13.9
IN-2016-AF1088527-42505,5/15/2016 0:00,Critical,13.78
CA-2017-CP12085140-43018,10/10/2017 0:00,Critical,13.75
IN-2014-MT1807058-41825,7/5/2014 0:00,Critical,13.61
ID-2016-AB1060059-42534,6/13/2016 0:00,Critical,13.56
CA-2017-FH14350140-42888,6/2/2017 0:00,Critical,13.53
IN-2015-GW1460527-42085,3/22/2015 0:00,Critical,13.42
HR-2015-ME772530-42222,8/6/2015 0:00,Critical,13.38
CA-2017-PT19090140-43029,10/21/2017 0:00,Critical,13.32
CA-2017-BD11320140-42838,4/13/2017 0:00,Critical,13.21
ES-2016-FH1435048-42633,9/20/2016 0:00,Critical,13.21
ID-2015-AG106757-42168,6/13/2015 0:00,Critical,13.18
CG-2016-KH636033-42598,8/16/2016 0:00,Critical,13.12
IN-2015-SC2030592-42271,9/24/2015 0:00,Critical,13.09
IN-2015-MS1777092-42170,6/15/2015 0:00,Critical,13.05
ES-2017-RB19435139-42970,8/23/2017 0:00,Critical,13
ID-2016-SP2065059-42621,9/8/2016 0:00,Critical,12.95
IN-2015-RS1987027-42148,5/24/2015 0:00,Critical,12.76
IN-2015-CK122057-42366,12/28/2015 0:00,Critical,12.7
CA-2014-SW20245140-41839,7/19/2014 0:00,Critical,12.61
IN-2015-SC2002059-42218,8/2/2015 0:00,Critical,12.47
ES-2014-ML182658-41795,6/5/2014 0:00,Critical,12.41
ES-2017-CM1271548-43059,11/20/2017 0:00,Critical,12.2
CA-2017-EH14005140-42891,6/5/2017 0:00,Critical,12.19
ES-2016-JD16015139-42442,3/13/2016 0:00,Critical,12.19
IN-2015-CS1195058-42336,11/28/2015 0:00,Critical,12.17
CA-2016-BC11125140-42577,7/26/2016 0:00,Critical,12.15
ES-2015-JE1616596-42044,2/9/2015 0:00,Critical,12.14
ES-2015-RK19300139-42147,5/23/2015 0:00,Critical,12.11
ES-2016-KE1642064-42421,2/21/2016 0:00,Critical,11.88
IN-2016-EH1394559-42590,8/8/2016 0:00,Critical,11.74
IN-2017-AR10570102-43046,11/7/2017 0:00,Critical,11.7
CA-2014-PR18880140-41886,9/4/2014 0:00,Critical,11.69
ES-2017-NC1841548-42838,4/13/2017 0:00,Critical,11.66
ID-2014-DK12985102-41874,8/23/2014 0:00,Critical,11.6
CA-2015-CC12100140-42153,5/29/2015 0:00,Critical,11.52
BO-2016-PJ883513-42680,11/6/2016 0:00,Critical,11.51
BO-2016-PJ883513-42680,11/6/2016 0:00,Critical,11.51
ES-2017-TT2122048-42812,3/18/2017 0:00,Critical,11.47
CA-2015-VM21685140-42309,11/1/2015 0:00,Critical,11.46
ES-2017-RD1972045-42857,5/2/2017 0:00,Critical,11.4
ES-2015-HE1480064-42028,1/24/2015 0:00,Critical,11.37
CA-2017-RB19465140-43029,10/21/2017 0:00,Critical,11.35
ID-2015-JO1555097-42230,8/14/2015 0:00,Critical,11.34
CA-2014-RF19840140-41989,12/16/2014 0:00,Critical,11.21
CA-2017-TH1111523-42904,6/18/2017 0:00,Critical,11.18
ES-2015-PB18805120-42321,11/13/2015 0:00,Critical,11.17
EG-2014-MC727538-41860,8/9/2014 0:00,Critical,11.16
BO-2014-SS1059013-41862,8/11/2014 0:00,Critical,11.15
BO-2014-SS1059013-41862,8/11/2014 0:00,Critical,11.15
CA-2015-EM13960140-42366,12/28/2015 0:00,Critical,11.12
CA-2016-ES14080140-42468,4/8/2016 0:00,Critical,11.09
CA-2016-GT14710140-42419,2/19/2016 0:00,Critical,11.01
ES-2016-GH1441045-42678,11/4/2016 0:00,Critical,10.98
IN-2014-LA1678027-41687,2/17/2014 0:00,Critical,10.97
ID-2017-MC175757-42789,2/23/2017 0:00,Critical,10.89
CA-2017-KW16435140-42948,8/1/2017 0:00,Critical,10.83
ES-2016-BT11440139-42582,7/31/2016 0:00,Critical,10.76
EG-2017-TT1122038-43095,12/26/2017 0:00,Critical,10.65
IN-2017-AB1001558-42987,9/9/2017 0:00,Critical,10.54
IN-2014-EB139307-41790,5/31/2014 0:00,Critical,10.37
CA-2016-PM19135140-42666,10/23/2016 0:00,Critical,10.34
CA-2016-BE11410140-42407,2/7/2016 0:00,Critical,10.27
ES-2017-PR18880120-42981,9/3/2017 0:00,Critical,10.25
CA-2015-SM20950140-42357,12/19/2015 0:00,Critical,10.17
ES-2016-AS1009045-42616,9/3/2016 0:00,Critical,10.1
ES-2017-RE19405139-42972,8/25/2017 0:00,Critical,10.08
ES-2016-AS1063048-42696,11/22/2016 0:00,Critical,9.91
CA-2015-MS17980140-42222,8/6/2015 0:00,Critical,9.82
IN-2016-EM1396092-42662,10/19/2016 0:00,Critical,9.76
CA-2015-DP13105140-42238,8/22/2015 0:00,Critical,9.69
CA-2016-CG12040140-42624,9/11/2016 0:00,Critical,9.67
CA-2017-Dp324023-42912,6/26/2017 0:00,Critical,9.65
ES-2017-MS17770139-43051,11/12/2017 0:00,Critical,9.57
ES-2017-AS1024048-42813,3/19/2017 0:00,Critical,9.53
IN-2016-JK152057-42624,9/11/2016 0:00,Critical,9.51
ES-2017-BW1106545-42857,5/2/2017 0:00,Critical,9.46
ES-2016-LB1673564-42707,12/3/2016 0:00,Critical,9.35
IN-2015-MS17710113-42225,8/9/2015 0:00,Critical,9.34
CA-2017-AT10735140-42949,8/2/2017 0:00,Critical,9.23
IN-2016-JO1528027-42492,5/2/2016 0:00,Critical,9.22
ID-2015-TP2113099-42329,11/21/2015 0:00,Critical,9.14
CA-2016-AG10300140-42710,12/6/2016 0:00,Critical,9.11
CA-2016-RD19810140-42529,6/8/2016 0:00,Critical,9.06
ID-2017-CV1229559-42876,5/21/2017 0:00,Critical,9.06
IN-2015-JL152357-42257,9/10/2015 0:00,Critical,9.06
CA-2016-HG14965140-42393,1/24/2016 0:00,Critical,9.05
BU-2016-RE940519-42596,8/14/2016 0:00,Critical,9.03
BU-2016-RE940519-42596,8/14/2016 0:00,Critical,9.03
IN-2015-BG1174058-42170,6/15/2015 0:00,Critical,9
ES-2017-AR1054045-42979,9/1/2017 0:00,Critical,8.95
EZ-2014-PS904532-41880,8/29/2014 0:00,Critical,8.9
CA-2014-NC18340140-41762,5/3/2014 0:00,Critical,8.83
ES-2016-VM2168545-42724,12/20/2016 0:00,Critical,8.81
ES-2015-RW19690139-42286,10/9/2015 0:00,Critical,8.8
CA-2016-LT17110140-42694,11/20/2016 0:00,Critical,8.76
ES-2015-MC1727545-42181,6/26/2015 0:00,Critical,8.74
IN-2015-EP1391527-42309,11/1/2015 0:00,Critical,8.63
IN-2016-GA1472527-42622,9/9/2016 0:00,Critical,8.59
CA-2016-JH15985140-42619,9/6/2016 0:00,Critical,8.56
ES-2017-RB19360139-42912,6/26/2017 0:00,Critical,8.54
IN-2015-KN1639058-42125,5/1/2015 0:00,Critical,8.53
CA-2017-BG11695140-43064,11/25/2017 0:00,Critical,8.4
ES-2015-EM1420045-42352,12/14/2015 0:00,Critical,8.38
CG-2015-JS559533-42069,3/6/2015 0:00,Critical,8.3
ID-2016-DM1295592-42597,8/15/2016 0:00,Critical,8.24
ES-2016-MC1727545-42667,10/24/2016 0:00,Critical,8.16
ES-2014-CK12205139-41901,9/19/2014 0:00,Critical,8.15
ID-2014-AJ1078059-41988,12/15/2014 0:00,Critical,8.14
IN-2016-EB137057-42728,12/24/2016 0:00,Critical,8.14
ES-2017-SR2074045-42787,2/21/2017 0:00,Critical,8.1
AE-2017-PG8820138-43044,11/5/2017 0:00,Critical,8.04
AE-2017-PG8820138-43044,11/5/2017 0:00,Critical,8.04
IN-2014-KM1666058-41898,9/16/2014 0:00,Critical,7.99
ID-2016-SV20365118-42617,9/4/2016 0:00,Critical,7.97
IN-2015-DK1322558-42199,7/14/2015 0:00,Critical,7.87
CA-2017-TB21520140-42940,7/24/2017 0:00,Critical,7.82
CA-2016-FM14380140-42539,6/18/2016 0:00,Critical,7.81
IN-2015-AR1051027-42069,3/6/2015 0:00,Critical,7.72
EG-2017-PO918038-43071,12/2/2017 0:00,Critical,7.37
ES-2016-MG1787548-42497,5/7/2016 0:00,Critical,7.24
ID-2016-MC1763597-42531,6/10/2016 0:00,Critical,7.16
ES-2017-CC1261048-43031,10/23/2017 0:00,Critical,7.08
CA-2015-MO17800140-42264,9/17/2015 0:00,Critical,7.02
ES-2016-TH2123545-42475,4/15/2016 0:00,Critical,6.86
ID-2016-KW165707-42524,6/3/2016 0:00,Critical,6.83
ID-2016-RB19330102-42498,5/8/2016 0:00,Critical,6.75
ES-2014-AR104058-41857,8/6/2014 0:00,Critical,6.63
ID-2015-KA165257-42301,10/24/2015 0:00,Critical,6.61
CA-2017-MZ17335140-43070,12/1/2017 0:00,Critical,6.58
ES-2015-NB18655120-42322,11/14/2015 0:00,Critical,6.52
ID-2017-PT19090102-42925,7/9/2017 0:00,Critical,6.48
CA-2017-HK14890140-42949,8/2/2017 0:00,Critical,6.43
GB-2015-DD357046-42358,12/20/2015 0:00,Critical,6.38
CG-2015-KB631533-42271,9/24/2015 0:00,Critical,6.31
CA-2015-SR20740140-42187,7/2/2015 0:00,Critical,6.24
ES-2015-PS18760139-42023,1/19/2015 0:00,Critical,6.22
ES-2016-VF2171545-42586,8/4/2016 0:00,Critical,6.22
IN-2016-DJ1351058-42615,9/2/2016 0:00,Critical,6.04
IN-2015-TH211007-42183,6/28/2015 0:00,Critical,5.94
CA-2016-MV17485140-42456,3/27/2016 0:00,Critical,5.84
GH-2015-TW1102549-42072,3/9/2015 0:00,Critical,5.84
CA-2017-SC20260140-42826,4/1/2017 0:00,Critical,5.75
GG-2017-PO919547-42842,4/17/2017 0:00,Critical,5.75
IN-2016-MJ1774027-42667,10/24/2016 0:00,Critical,5.57
CA-2016-WB21850140-42654,10/11/2016 0:00,Critical,5.54
ES-2017-SM2090545-42821,3/27/2017 0:00,Critical,5.54
EG-2014-PM913538-41963,11/20/2014 0:00,Critical,5.48
ID-2017-PC1900092-42962,8/15/2017 0:00,Critical,5.45
ID-2015-DB132707-42286,10/9/2015 0:00,Critical,5.38
CA-2014-AG10390140-41884,9/2/2014 0:00,Critical,5.37
CA-2014-AG10390140-41884,9/2/2014 0:00,Critical,5.37
CA-2014-AM10360140-41917,10/5/2014 0:00,Critical,5.31
CA-2014-AM10360140-41917,10/5/2014 0:00,Critical,5.31
CA-2015-AW10840140-42337,11/29/2015 0:00,Critical,5.26
CA-2015-AA10315140-42281,10/4/2015 0:00,Critical,5.23
IN-2016-NM1844566-42606,8/24/2016 0:00,Critical,5.2
CA-2017-EH13945140-42883,5/28/2017 0:00,Critical,5.15
IN-2015-OT1873088-42171,6/16/2015 0:00,Critical,5.14
CA-2016-GZ14470140-42706,12/2/2016 0:00,Critical,5.1
CA-2014-AP10915140-41935,10/23/2014 0:00,Critical,5.06
CA-2014-AP10915140-41935,10/23/2014 0:00,Critical,5.06
EG-2014-JS588038-41831,7/11/2014 0:00,Critical,5.04
ID-2017-SF20965118-43022,10/14/2017 0:00,Critical,5.02
ES-2016-NC18535120-42416,2/16/2016 0:00,Critical,4.94
CA-2015-JH15820140-42329,11/21/2015 0:00,Critical,4.92
CA-2016-CD12790140-42701,11/27/2016 0:00,Critical,4.92
CA-2017-JL15505140-43051,11/12/2017 0:00,Critical,4.91
ES-2015-EB1397548-42196,7/11/2015 0:00,Critical,4.9
ES-2016-MY1829548-42682,11/8/2016 0:00,Critical,4.83
CA-2016-TR21325140-42597,8/15/2016 0:00,Critical,4.78
CA-2017-KL16555140-42938,7/22/2017 0:00,Critical,4.71
CA-2017-PW19030140-42953,8/6/2017 0:00,Critical,4.64
CA-2017-PJ18835140-43043,11/4/2017 0:00,Critical,4.62
ES-2016-DK13150120-42729,12/25/2016 0:00,Critical,4.61
IN-2015-AM1070527-42351,12/13/2015 0:00,Critical,4.6
ES-2017-TS21205139-43040,11/1/2017 0:00,Critical,4.53
CA-2015-AB10255140-42132,5/8/2015 0:00,Critical,4.5
ID-2017-TT212207-42806,3/12/2017 0:00,Critical,4.45
